id,root
1,37
2,46
3,2
4,18
5,3
6,2
7,3
8,15
9,16
10,16
11,31
12,4
13,21
14,10
15,2
16,5
17,23
18,12
19,11
20,26
21,3
22,16
23,5
24,38
25,19
26,23
27,10
28,19
29,14
30,4
31,5
32,1
33,10
34,20
35,13
36,24
37,3
38,12
39,9
40,8
41,18
42,13
43,25
44,15
45,15
46,18
47,14
48,3
49,7
50,27
51,7
52,1
53,4
54,32
55,8
56,12
57,3
58,11
59,26
60,13
61,11
62,25
63,4
64,1
65,20
66,6
67,3
68,16
69,8
70,13
71,1
72,29
73,8
74,3
75,19
76,11
77,9
78,4
79,16
80,25
81,23
82,14
83,22
84,20
85,10
86,7
87,11
88,8
89,30
90,23
91,12
92,18
93,15
94,23
95,26
96,9
97,2
98,31
99,11
100,5
101,9
102,2
103,7
104,23
105,11
106,1
107,23
108,3
109,2
110,17
111,2
112,17
113,40
114,11
115,2
116,15
117,29
118,22
119,6
120,12
121,11
122,13
123,12
124,3
125,14
126,26
127,14
128,15
129,29
130,13
131,28
132,2
133,15
134,28
135,15
136,6
137,8
138,28
139,11
140,12
141,10
142,6
143,2
144,17
145,2
146,14
147,7
148,3
149,14
150,6
151,12
152,18
153,13
154,34
155,10
156,26
157,10
158,11
159,19
160,28
161,6
162,1
163,7
164,18
165,6
166,10
167,17
168,3
169,23
170,20
171,27
172,2
173,15
174,34
175,11
176,15
177,11
178,24
179,15
180,17
181,7
182,7
183,2
184,7
185,17
186,20
187,15
188,6
189,21
190,13
191,12
192,13
193,31
194,10
195,9
196,13
197,28
198,7
199,2
200,29
201,9
202,14
203,3
204,14
205,16
206,28
207,10
208,7
209,21
210,5
211,16
212,23
213,14
214,29
215,11
216,21
217,16
218,5
219,27
220,27
221,20
222,38
223,1
224,10
225,7
226,12
227,6
228,1
229,16
230,5
231,15
232,28
233,11
234,12
235,25
236,25
237,3
238,5
239,16
240,26
241,8
242,25
243,13
244,25
245,17
246,29
247,12
248,18
249,22
250,34
251,31
252,4
253,6
254,26
255,12
256,9
257,27
258,5
259,9
260,11
261,8
262,11
263,21
264,24
265,12
266,7
267,32
268,10
269,25
270,16
271,20
272,12
273,18
274,8
275,5
276,16
277,18
278,14
279,4
280,11
281,6
282,2
283,31
284,6
285,5
286,15
287,18
288,9
289,20
290,4
291,12
292,8
293,30
294,1
295,13
296,5
297,10
298,9
299,6
300,12
301,18
302,27
303,4
304,2
305,22
306,11
307,17
308,16
309,4
310,5
311,19
312,4
313,38
314,26
315,54
316,10
317,34
318,10
319,17
320,44
321,10
322,4
323,11
324,19
325,26
326,25
327,2
328,1
329,11
330,30
331,2
332,2
333,11
334,21
335,22
336,4
337,17
338,14
339,16
340,12
341,7
342,10
343,23
344,38
345,16
346,13
347,8
348,12
349,25
350,16
351,13
352,35
353,8
354,9
355,1
356,13
357,6
358,6
359,10
360,18
361,19
362,13
363,8
364,30
365,3
366,12
367,4
368,7
369,15
370,8
371,26
372,25
373,27
374,13
375,25
376,4
377,9
378,17
379,2
380,24
381,2
382,1
383,9
384,3
385,19
386,6
387,10
388,14
389,15
390,3
391,2
392,14
393,17
394,29
395,1
396,4
397,19
398,47
399,10
400,1
401,15
402,10
403,5
404,1
405,16
406,7
407,16
408,9
409,5
410,10
411,2
412,5
413,33
414,2
415,6
416,5
417,14
418,10
419,1
420,19
421,15
422,6
423,4
424,30
425,2
426,9
427,6
428,7
429,22
430,20
431,25
432,14
433,27
434,18
435,13
436,13
437,3
438,17
439,20
440,4
441,12
442,7
443,6
444,10
445,5
446,16
447,2
448,10
449,1
450,2
451,9
452,2
453,15
454,1
455,21
456,30
457,11
458,10
459,10
460,4
461,9
462,14
463,11
464,3
465,17
466,8
467,3
468,11
469,17
470,14
471,29
472,21
473,20
474,8
475,21
476,27
477,15
478,28
479,15
480,29
481,26
482,5
483,7
484,31
485,22
486,15
487,19
488,12
489,15
490,12
491,27
492,18
493,12
494,8
495,8
496,14
497,15
498,6
499,7
500,5
501,6
502,1
503,8
504,11
505,4
506,13
507,6
508,9
509,6
510,11
511,3
512,6
513,11
514,1
515,9
516,4
517,1
518,4
519,5
520,3
521,5
522,6
523,4
524,7
525,21
526,4
527,1
528,5
529,11
530,9
531,1
532,12
533,5
534,8
535,5
536,9
537,4
538,14
539,3
540,9
541,4
542,8
543,8
544,12
545,17
546,2
547,4
548,18
549,21
550,5
551,2
552,20
553,6
554,9
555,5
556,5
557,9
558,3
559,10
560,6
561,7
562,10
563,17
564,4
565,13
566,13
567,7
568,3
569,1
570,1
571,14
572,13
573,7
574,13
575,19
576,14
577,4
578,2
579,4
580,2
581,7
582,11
583,13
584,17
585,14
586,9
587,7
588,9
589,1
590,14
591,3
592,7
593,18
594,5
595,3
596,11
597,4
598,2
599,10
600,7
601,4
602,16
603,3
604,11
605,11
606,1
607,11
608,3
609,6
610,10
611,3
612,13
613,3
614,7
615,12
616,7
617,15
618,2
619,4
620,10
621,13
622,5
623,4
624,12
625,8
626,7
627,3
628,10
629,8
630,2
631,8
632,7
633,4
634,5
635,6
636,4
637,1
638,3
639,4
640,1
641,6
642,5
643,11
644,4
645,5
646,3
647,12
648,5
649,8
650,4
651,14
652,8
653,7
654,6
655,8
656,5
657,10
658,3
659,1
660,4
661,6
662,5
663,5
664,12
665,1
666,9
667,2
668,4
669,8
670,5
671,7
672,12
673,8
674,12
675,7
676,5
677,12
678,2
679,7
680,2
681,7
682,9
683,2
684,13
685,11
686,8
687,2
688,14
689,13
690,15
691,2
692,20
693,3
694,6
695,4
696,1
697,5
698,2
699,10
700,15
701,19
702,1
703,3
704,10
705,10
706,11
707,3
708,8
709,24
710,8
711,18
712,2
713,3
714,10
715,4
716,10
717,3
718,3
719,1
720,10
721,6
722,7
723,1
724,9
725,2
726,6
727,6
728,3
729,4
730,6
731,4
732,11
733,6
734,16
735,1
736,8
737,10
738,3
739,5
740,18
741,9
742,6
743,6
744,6
745,14
746,6
747,5
748,2
749,1
750,5
751,2
752,5
753,6
754,15
755,26
756,17
757,14
758,1
759,12
760,9
761,10
762,8
763,3
764,4
765,13
766,10
767,10
768,17
769,3
770,23
771,7
772,16
773,2
774,4
775,3
776,8
777,1
778,11
779,6
780,1
781,3
782,12
783,6
784,3
785,2
786,9
787,1
788,15
789,17
790,7
791,11
792,2
793,7
794,5
795,5
796,7
797,9
798,18
799,4
800,5
801,1
802,8
803,4
804,2
805,7
806,12
807,17
808,4
809,18
810,17
811,1
812,14
813,3
814,8
815,21
816,6
817,9
818,9
819,11
820,12
821,7
822,4
823,9
824,1
825,1
826,5
827,3
828,3
829,5
830,5
831,14
832,9
833,2
834,4
835,3
836,4
837,2
838,12
839,13
840,1
841,1
842,5
843,7
844,20
845,5
846,17
847,2
848,13
849,6
850,5
851,15
852,3
853,1
854,10
855,13
856,2
857,8
858,3
859,6
860,7
861,3
862,5
863,10
864,11
865,3
866,13
867,1
868,9
869,11
870,5
871,3
872,5
873,1
874,8
875,9
876,1
877,6
878,2
879,3
880,8
881,5
882,3
883,4
884,16
885,1
886,1
887,6
888,1
889,4
890,5
891,6
892,6
893,24
894,15
895,5
896,7
897,9
898,14
899,13
900,7
901,1
902,6
903,4
904,3
905,5
906,18
907,5
908,6
909,2
910,5
911,6
912,17
913,5
914,10
915,5
916,2
917,6
918,4
919,1
920,2
921,4
922,1
923,5
924,7
925,13
926,8
927,10
928,13
929,5
930,1
931,3
932,9
933,3
934,6
935,12
936,12
937,9
938,10
939,7
940,5
941,4
942,1
943,3
944,9
945,4
946,2
947,8
948,9
949,5
950,4
951,13
952,4
953,7
954,1
955,2
956,1
957,7
958,3
959,1
960,14
961,3
962,4
963,14
964,2
965,3
966,13
967,19
968,5
969,12
970,11
971,9
972,12
973,11
974,2
975,21
976,4
977,6
978,6
979,17
980,12
981,10
982,9
983,2
984,17
985,15
986,9
987,4
988,13
989,12
990,5
991,35
992,7
993,15
994,9
995,6
996,15
997,8
998,20
999,18
1000,2
1001,15
1002,2
1003,6
1004,1
1005,34
1006,10
1007,17
1008,9
1009,8
1010,1
1011,5
1012,1
1013,6
1014,42
1015,33
1016,17
1017,9
1018,25
1019,10
1020,40
1021,14
1022,11
1023,11
1024,1
1025,7
1026,9
1027,18
1028,15
1029,12
1030,8
1031,1
1032,17
1033,5
1034,8
1035,1
1036,9
1037,1
1038,19
1039,4
1040,7
1041,1
1042,18
1043,5
1044,17
1045,18
1046,23
1047,8
1048,22
1049,19
1050,1
1051,6
1052,11
1053,8
1054,12
1055,15
1056,16
1057,22
1058,10
1059,2
1060,24
1061,8
1062,2
1063,5
1064,3
1065,1
1066,5
1067,18
1068,11
1069,4
1070,4
1071,9
1072,1
1073,6
1074,8
1075,15
1076,6
1077,28
1078,18
1079,18
1080,21
1081,27
1082,8
1083,7
1084,11
1085,9
1086,11
1087,5
1088,2
1089,5
1090,18
1091,11
1092,2
1093,4
1094,29
1095,4
1096,3
1097,22
1098,6
1099,7
1100,7
1101,5
1102,34
1103,32
1104,9
1105,12
1106,13
1107,27
1108,20
1109,3
1110,5
1111,16
1112,14
1113,2
1114,9
1115,12
1116,11
1117,5
1118,26
1119,23
1120,3
1121,19
1122,4
1123,11
1124,16
1125,9
1126,7
1127,2
1128,28
1129,2
1130,8
1131,3
1132,4
1133,12
1134,10
1135,3
1136,8
1137,5
1138,6
1139,6
1140,7
1141,1
1142,26
1143,8
1144,23
1145,4
1146,2
1147,2
1148,12
1149,10
1150,11
1151,5
1152,4
1153,2
1154,20
1155,4
1156,12
1157,14
1158,3
1159,15
1160,10
1161,4
1162,7
1163,11
1164,7
1165,6
1166,4
1167,18
1168,5
1169,12
1170,13
1171,5
1172,14
1173,8
1174,15
1175,9
1176,9
1177,6
1178,3
1179,14
1180,14
1181,8
1182,3
1183,9
1184,21
1185,13
1186,3
1187,8
1188,9
1189,17
1190,20
1191,3
1192,8
1193,2
1194,19
1195,16
1196,28
1197,6
1198,26
1199,3
1200,16
1201,7
1202,8
1203,2
1204,28
1205,8
1206,23
1207,2
1208,2
1209,2
1210,2
1211,19
1212,16
1213,15
1214,7
1215,33
1216,3
1217,1
1218,3
1219,4
1220,12
1221,10
1222,1
1223,15
1224,6
1225,1
1226,5
1227,1
1228,12
1229,2
1230,9
1231,16
1232,1
1233,8
1234,6
1235,15
1236,17
1237,17
1238,6
1239,15
1240,17
1241,21
1242,14
1243,3
1244,2
1245,2
1246,8
1247,6
1248,8
1249,27
1250,1
1251,22
1252,25
1253,23
1254,26
1255,2
1256,21
1257,27
1258,3
1259,1
1260,12
1261,2
1262,2
1263,5
1264,30
1265,64
1266,4
1267,16
1268,6
1269,8
1270,2
1271,2
1272,1
1273,27
1274,4
1275,5
1276,9
1277,24
1278,6
1279,1
1280,3
1281,12
1282,5
1283,27
1284,18
1285,9
1286,23
1287,12
1288,10
1289,9
1290,9
1291,11
1292,5
1293,27
1294,25
1295,21
1296,15
1297,13
1298,15
1299,4
1300,7
1301,11
1302,27
1303,34
1304,5
1305,12
1306,18
1307,22
1308,7
1309,1
1310,11
1311,7
1312,3
1313,6
1314,2
1315,16
1316,13
1317,7
1318,12
1319,13
1320,7
1321,1
1322,7
1323,5
1324,18
1325,14
1326,1
1327,7
1328,6
1329,7
1330,21
1331,10
1332,14
1333,2
1334,14
1335,6
1336,3
1337,12
1338,9
1339,12
1340,10
1341,16
1342,20
1343,2
1344,5
1345,6
1346,25
1347,5
1348,18
1349,9
1350,13
1351,16
1352,2
1353,13
1354,12
1355,3
1356,9
1357,7
1358,26
1359,8
1360,19
1361,5
1362,9
1363,17
1364,4
1365,29
1366,1
1367,2
1368,8
1369,8
1370,1
1371,11
1372,23
1373,1
1374,7
1375,11
1376,22
1377,6
1378,1
1379,31
1380,2
1381,2
1382,5
1383,2
1384,21
1385,2
1386,19
1387,3
1388,4
1389,15
1390,13
1391,3
1392,9
1393,12
1394,23
1395,12
1396,15
1397,4
1398,12
1399,2
1400,10
1401,2
1402,4
1403,12
1404,7
1405,14
1406,11
1407,35
1408,9
1409,1
1410,6
1411,8
1412,6
1413,9
1414,6
1415,13
1416,11
1417,9
1418,8
1419,11
1420,3
1421,10
1422,7
1423,10
1424,17
1425,11
1426,12
1427,3
1428,17
1429,12
1430,23
1431,17
1432,12
1433,21
1434,2
1435,11
1436,14
1437,12
1438,1
1439,14
1440,1
1441,20
1442,9
1443,13
1444,12
1445,3
1446,21
1447,2
1448,5
1449,12
1450,24
1451,1
1452,10
1453,8
1454,4
1455,11
1456,3
1457,8
1458,23
1459,16
1460,2
1461,19
1462,22
1463,8
1464,11
1465,12
1466,3
1467,23
1468,7
1469,17
1470,11
1471,3
1472,9
1473,16
1474,5
1475,6
1476,1
1477,15
1478,16
1479,8
1480,19
1481,1
1482,8
1483,33
1484,9
1485,14
1486,11
1487,16
1488,24
1489,7
1490,6
1491,3
1492,7
1493,1
1494,11
1495,5
1496,21
1497,8
1498,4
1499,9
1500,3
1501,1
1502,15
1503,6
1504,20
1505,16
1506,8
1507,10
1508,2
1509,18
1510,10
1511,1
1512,5
1513,3
1514,1
1515,7
1516,6
1517,6
1518,9
1519,3
1520,5
1521,13
1522,8
1523,4
1524,10
1525,15
1526,8
1527,12
1528,16
1529,7
1530,10
1531,23
1532,13
1533,23
1534,9
1535,6
1536,7
1537,17
1538,14
1539,23
1540,12
1541,19
1542,1
1543,6
1544,24
1545,12
1546,4
1547,9
1548,6
1549,22
1550,20
1551,1
1552,15
1553,6
1554,13
1555,6
1556,10
1557,9
1558,21
1559,3
1560,9
1561,1
1562,4
1563,13
1564,9
1565,11
1566,10
1567,5
1568,17
1569,14
1570,9
1571,5
1572,18
1573,18
1574,13
1575,6
1576,17
1577,12
1578,8
1579,2
1580,25
1581,1
1582,2
1583,11
1584,3
1585,28
1586,3
1587,4
1588,1
1589,24
1590,11
1591,4
1592,17
1593,8
1594,10
1595,17
1596,5
1597,16
1598,24
1599,5
1600,23
1601,8
1602,10
1603,11
1604,2
1605,20
1606,6
1607,20
1608,3
1609,17
1610,1
1611,20
1612,9
1613,23
1614,1
1615,15
1616,25
1617,6
1618,11
1619,16
1620,8
1621,7
1622,8
1623,10
1624,4
1625,16
1626,6
1627,4
1628,3
1629,2
1630,3
1631,1
1632,4
1633,4
1634,5
1635,13
1636,4
1637,2
1638,10
1639,6
1640,10
1641,2
1642,8
1643,4
1644,3
1645,7
1646,12
1647,14
1648,8
1649,17
1650,16
1651,4
1652,20
1653,18
1654,1
1655,10
1656,9
1657,7
1658,4
1659,11
1660,11
1661,8
1662,9
1663,5
1664,6
1665,6
1666,9
1667,15
1668,8
1669,4
1670,9
1671,4
1672,8
1673,13
1674,8
1675,14
1676,1
1677,2
1678,26
1679,25
1680,24
1681,11
1682,7
1683,1
1684,11
1685,8
1686,6
1687,7
1688,4
1689,4
1690,17
1691,4
1692,9
1693,18
1694,17
1695,5
1696,5
1697,4
1698,3
1699,11
1700,7
1701,23
1702,5
1703,4
1704,6
1705,14
1706,12
1707,25
1708,4
1709,8
1710,4
1711,8
1712,12
1713,1
1714,16
1715,5
1716,7
1717,6
1718,11
1719,12
1720,4
1721,3
1722,10
1723,3
1724,19
1725,12
1726,8
1727,4
1728,3
1729,19
1730,29
1731,3
1732,10
1733,15
1734,11
1735,6
1736,9
1737,4
1738,4
1739,16
1740,12
1741,13
1742,7
1743,14
1744,5
1745,7
1746,9
1747,2
1748,24
1749,18
1750,14
1751,7
1752,9
1753,5
1754,4
1755,11
1756,9
1757,7
1758,4
1759,14
1760,37
1761,5
1762,19
1763,6
1764,13
1765,1
1766,7
1767,4
1768,22
1769,1
1770,3
1771,15
1772,22
1773,5
1774,22
1775,4
1776,17
1777,12
1778,9
1779,1
1780,13
1781,15
1782,12
1783,13
1784,7
1785,17
1786,8
1787,17
1788,28
1789,15
1790,17
1791,1
1792,21
1793,17
1794,6
1795,18
1796,12
1797,2
1798,10
1799,5
1800,31
1801,11
1802,2
1803,1
1804,10
1805,18
1806,12
1807,1
1808,4
1809,5
1810,7
1811,18
1812,10
1813,4
1814,2
1815,10
1816,4
1817,7
1818,4
1819,9
1820,13
1821,25
1822,9
1823,11
1824,11
1825,12
1826,6
1827,5
1828,15
1829,11
1830,2
1831,1
1832,10
1833,1
1834,22
1835,5
1836,18
1837,2
1838,12
1839,11
1840,10
1841,13
1842,1
1843,8
1844,8
1845,6
1846,10
1847,14
1848,1
1849,2
1850,5
1851,7
1852,8
1853,5
1854,15
1855,12
1856,13
1857,18
1858,51
1859,5
1860,16
1861,3
1862,23
1863,5
1864,8
1865,13
1866,6
1867,20
1868,9
1869,4
1870,13
1871,12
1872,6
1873,12
1874,33
1875,6
1876,1
1877,2
1878,17
1879,22
1880,6
1881,11
1882,1
1883,43
1884,3
1885,10
1886,10
1887,16
1888,12
1889,3
1890,13
1891,1
1892,3
1893,2
1894,7
1895,10
1896,4
1897,5
1898,23
1899,11
1900,3
1901,12
1902,5
1903,14
1904,1
1905,3
1906,14
1907,7
1908,6
1909,15
1910,13
1911,11
1912,1
1913,2
1914,15
1915,2
1916,2
1917,8
1918,11
1919,22
1920,8
1921,10
1922,11
1923,7
1924,10
1925,20
1926,13
1927,10
1928,16
1929,5
1930,12
1931,4
1932,1
1933,2
1934,2
1935,2
1936,11
1937,24
1938,8
1939,6
1940,16
1941,7
1942,5
1943,3
1944,3
1945,24
1946,6
1947,1
1948,5
1949,2
1950,18
1951,8
1952,5
1953,20
1954,17
1955,13
1956,16
1957,20
1958,1
1959,10
1960,10
1961,3
1962,16
1963,10
1964,19
1965,18
1966,6
1967,7
1968,3
1969,18
1970,9
1971,7
1972,9
1973,14
1974,21
1975,16
1976,18
1977,11
1978,17
1979,9
1980,5
1981,26
1982,10
1983,1
1984,1
1985,9
1986,13
1987,6
1988,10
1989,15
1990,2
1991,45
1992,9
1993,4
1994,13
1995,2
1996,5
1997,25
1998,4
1999,13
2000,28
2001,4
2002,8
2003,5
2004,2
2005,19
2006,5
2007,4
2008,21
2009,3
2010,19
2011,14
2012,13
2013,9
2014,15
2015,11
2016,12
2017,2
2018,25
2019,7
2020,1
2021,11
2022,1
2023,19
2024,10
2025,4
2026,12
2027,4
2028,2
2029,10
2030,10
2031,5
2032,14
2033,9
2034,21
2035,10
2036,2
2037,12
2038,37
2039,29
2040,15
2041,12
2042,38
2043,1
2044,9
2045,21
2046,12
2047,10
2048,12
2049,11
2050,12
2051,14
2052,15
2053,1
2054,4
2055,14
2056,15
2057,5
2058,8
2059,7
2060,26
2061,28
2062,7
2063,3
2064,21
2065,11
2066,1
2067,26
2068,7
2069,20
2070,20
2071,9
2072,10
2073,17
2074,21
2075,7
2076,13
2077,3
2078,14
2079,1
2080,2
2081,24
2082,3
2083,4
2084,31
2085,9
2086,4
2087,10
2088,7
2089,22
2090,7
2091,8
2092,1
2093,3
2094,15
2095,4
2096,13
2097,25
2098,12
2099,7
2100,4
2101,19
2102,23
2103,2
2104,17
2105,8
2106,25
2107,12
2108,26
2109,8
2110,8
2111,12
2112,3
2113,13
2114,17
2115,1
2116,3
2117,8
2118,11
2119,5
2120,13
2121,3
2122,1
2123,8
2124,12
2125,7
2126,4
2127,5
2128,7
2129,17
2130,8
2131,7
2132,2
2133,15
2134,19
2135,6
2136,2
2137,11
2138,14
2139,2
2140,13
2141,15
2142,10
2143,6
2144,9
2145,4
2146,14
2147,28
2148,14
2149,8
2150,7
2151,15
2152,9
2153,8
2154,3
2155,6
2156,3
2157,14
2158,19
2159,12
2160,9
2161,6
2162,18
2163,12
2164,1
2165,15
2166,6
2167,6
2168,8
2169,5
2170,14
2171,10
2172,11
2173,33
2174,11
2175,23
2176,8
2177,12
2178,2
2179,16
2180,17
2181,7
2182,15
2183,5
2184,7
2185,13
2186,21
2187,4
2188,8
2189,8
2190,6
2191,16
2192,17
2193,6
2194,22
2195,1
2196,26
2197,5
2198,6
2199,15
2200,4
2201,7
2202,18
2203,11
2204,1
2205,16
2206,15
2207,11
2208,11
2209,14
2210,15
2211,11
2212,5
2213,9
2214,3
2215,10
2216,19
2217,4
2218,7
2219,25
2220,7
2221,5
2222,9
2223,12
2224,27
2225,22
2226,16
2227,16
2228,11
2229,12
2230,16
2231,19
2232,26
2233,2
2234,14
2235,2
2236,5
2237,15
2238,8
2239,8
2240,28
2241,28
2242,16
2243,15
2244,26
2245,2
2246,12
2247,23
2248,2
2249,19
2250,6
2251,19
2252,7
2253,9
2254,9
2255,33
2256,16
2257,10
2258,3
2259,17
2260,19
2261,14
2262,6
2263,39
2264,2
2265,5
2266,5
2267,7
2268,6
2269,12
2270,2
2271,6
2272,1
2273,2
2274,6
2275,3
2276,14
2277,5
2278,12
2279,9
2280,13
2281,9
2282,21
2283,10
2284,21
2285,21
2286,9
2287,31
2288,1
2289,15
2290,21
2291,3
2292,12
2293,9
2294,28
2295,8
2296,10
2297,3
2298,12
2299,16
2300,12
2301,12
2302,2
2303,5
2304,14
2305,13
2306,4
2307,1
2308,2
2309,13
2310,2
2311,1
2312,2
2313,3
2314,26
2315,17
2316,4
2317,20
2318,6
2319,15
2320,7
2321,8
2322,1
2323,1
2324,25
2325,8
2326,6
2327,5
2328,2
2329,10
2330,5
2331,16
2332,22
2333,17
2334,10
2335,5
2336,24
2337,4
2338,17
2339,7
2340,22
2341,3
2342,7
2343,5
2344,3
2345,1
2346,3
2347,3
2348,14
2349,5
2350,23
2351,16
2352,2
2353,4
2354,2
2355,14
2356,7
2357,27
2358,10
2359,10
2360,8
2361,1
2362,6
2363,2
2364,6
2365,16
2366,2
2367,6
2368,10
2369,13
2370,5
2371,2
2372,4
2373,18
2374,31
2375,9
2376,15
2377,12
2378,38
2379,1
2380,9
2381,7
2382,12
2383,26
2384,8
2385,18
2386,12
2387,1
2388,2
2389,6
2390,13
2391,14
2392,2
2393,5
2394,3
2395,13
2396,17
2397,1
2398,19
2399,6
2400,3
2401,9
2402,7
2403,4
2404,4
2405,5
2406,4
2407,13
2408,7
2409,3
2410,12
2411,18
2412,13
2413,21
2414,4
2415,4
2416,6
2417,22
2418,20
2419,7
2420,28
2421,8
2422,4
2423,9
2424,4
2425,12
2426,17
2427,7
2428,14
2429,11
2430,6
2431,10
2432,30
2433,6
2434,6
2435,22
2436,2
2437,11
2438,8
2439,6
2440,14
2441,5
2442,9
2443,9
2444,3
2445,5
2446,4
2447,2
2448,30
2449,13
2450,3
2451,3
2452,36
2453,1
2454,15
2455,2
2456,30
2457,27
2458,8
2459,12
2460,10
2461,18
2462,7
2463,23
2464,12
2465,12
2466,11
2467,5
2468,2
2469,4
2470,5
2471,2
2472,11
2473,7
2474,29
2475,5
2476,28
2477,28
2478,18
2479,1
2480,7
2481,13
2482,3
2483,10
2484,13
2485,12
2486,24
2487,1
2488,22
2489,2
2490,11
2491,14
2492,11
2493,6
2494,25
2495,6
2496,9
2497,11
2498,3
2499,5
2500,23
2501,16
2502,7
2503,2
2504,3
2505,37
2506,9
2507,6
2508,7
2509,5
2510,13
2511,2
2512,17
2513,12
2514,8
2515,24
2516,11
2517,14
2518,5
2519,10
2520,11
2521,14
2522,5
2523,11
2524,15
2525,22
2526,17
2527,17
2528,12
2529,8
2530,8
2531,24
2532,31
2533,30
2534,18
2535,9
2536,4
2537,6
2538,3
2539,29
2540,7
2541,10
2542,10
2543,15
2544,1
2545,20
2546,8
2547,18
2548,11
2549,6
2550,8
2551,13
2552,10
2553,12
2554,20
2555,11
2556,1
2557,5
2558,4
2559,14
2560,1
2561,12
2562,20
2563,10
2564,14
2565,7
2566,23
2567,13
2568,15
2569,18
2570,13
2571,7
2572,13
2573,16
2574,7
2575,13
2576,3
2577,1
2578,3
2579,1
2580,20
2581,3
2582,12
2583,11
2584,16
2585,17
2586,10
2587,36
2588,45
2589,6
2590,1
2591,2
2592,20
2593,30
2594,13
2595,3
2596,11
2597,13
2598,4
2599,3
2600,14
2601,3
2602,5
2603,7
2604,11
2605,5
2606,19
2607,2
2608,25
2609,10
2610,10
2611,8
2612,5
2613,21
2614,3
2615,12
2616,2
2617,4
2618,9
2619,2
2620,11
2621,4
2622,7
2623,15
2624,5
2625,13
2626,10
2627,19
2628,12
2629,11
2630,4
2631,7
2632,4
2633,18
2634,6
2635,2
2636,5
2637,19
2638,1
2639,5
2640,20
2641,8
2642,22
2643,19
2644,3
2645,17
2646,8
2647,11
2648,15
2649,18
2650,8
2651,5
2652,6
2653,7
2654,21
2655,1
2656,5
2657,3
2658,8
2659,8
2660,17
2661,5
2662,13
2663,14
2664,6
2665,16
2666,17
2667,1
2668,29
2669,26
2670,25
2671,2
2672,17
2673,10
2674,11
2675,2
2676,15
2677,1
2678,12
2679,12
2680,10
2681,21
2682,4
2683,25
2684,6
2685,22
2686,14
2687,10
2688,6
2689,11
2690,7
2691,7
2692,3
2693,2
2694,1
2695,28
2696,16
2697,18
2698,14
2699,3
2700,5
2701,1
2702,16
2703,5
2704,8
2705,6
2706,4
2707,17
2708,9
2709,12
2710,2
2711,2
2712,14
2713,18
2714,5
2715,1
2716,5
2717,7
2718,9
2719,12
2720,16
2721,14
2722,5
2723,15
2724,12
2725,8
2726,29
2727,21
2728,7
2729,5
2730,11
2731,2
2732,1
2733,14
2734,30
2735,15
2736,21
2737,25
2738,24
2739,20
2740,17
2741,11
2742,19
2743,7
2744,6
2745,24
2746,7
2747,10
2748,25
2749,5
2750,22
2751,30
2752,35
2753,12
2754,17
2755,23
2756,3
2757,6
2758,18
2759,1
2760,5
2761,15
2762,13
2763,4
2764,21
2765,4
2766,6
2767,7
2768,4
2769,11
2770,7
2771,5
2772,9
2773,12
2774,9
2775,9
2776,9
2777,33
2778,18
2779,16
2780,17
2781,7
2782,14
2783,13
2784,2
2785,7
2786,24
2787,11
2788,6
2789,22
2790,11
2791,6
2792,8
2793,9
2794,14
2795,23
2796,20
2797,3
2798,7
2799,15
2800,14
2801,22
2802,8
2803,9
2804,6
2805,6
2806,5
2807,4
2808,11
2809,5
2810,2
2811,20
2812,22
2813,1
2814,8
2815,6
2816,9
2817,8
2818,20
2819,1
2820,9
2821,10
2822,34
2823,4
2824,16
2825,16
2826,3
2827,9
2828,9
2829,5
2830,13
2831,20
2832,6
2833,5
2834,3
2835,1
2836,16
2837,2
2838,12
2839,18
2840,3
2841,12
2842,6
2843,4
2844,4
2845,29
2846,22
2847,2
2848,14
2849,20
2850,21
2851,1
2852,3
2853,4
2854,1
2855,14
2856,6
2857,2
2858,7
2859,7
2860,12
2861,28
2862,3
2863,11
2864,30
2865,11
2866,7
2867,7
2868,6
2869,19
2870,3
2871,4
2872,15
2873,4
2874,8
2875,7
2876,5
2877,16
2878,1
2879,21
2880,21
2881,14
2882,4
2883,16
2884,6
2885,15
2886,22
2887,3
2888,19
2889,1
2890,7
2891,17
2892,30
2893,11
2894,4
2895,9
2896,22
2897,7
2898,8
2899,17
2900,4
2901,7
2902,13
2903,2
2904,19
2905,27
2906,24
2907,9
2908,8
2909,12
2910,16
2911,14
2912,25
2913,3
2914,9
2915,2
2916,14
2917,4
2918,13
2919,10
2920,4
2921,3
2922,10
2923,16
2924,19
2925,6
2926,4
2927,15
2928,10
2929,10
2930,8
2931,9
2932,9
2933,1
2934,12
2935,14
2936,6
2937,15
2938,16
2939,2
2940,27
2941,8
2942,10
2943,29
2944,3
2945,9
2946,25
2947,13
2948,5
2949,6
2950,4
2951,11
2952,22
2953,20
2954,1
2955,4
2956,4
2957,10
2958,18
2959,34
2960,10
2961,11
2962,6
2963,11
2964,18
2965,15
2966,23
2967,14
2968,10
2969,20
2970,4
2971,30
2972,18
2973,22
2974,7
2975,5
2976,5
2977,6
2978,4
2979,1
2980,12
2981,20
2982,13
2983,7
2984,9
2985,18
2986,9
2987,31
2988,18
2989,9
2990,12
2991,8
2992,3
2993,5
2994,8
2995,25
2996,6
2997,1
2998,20
2999,14
3000,28
3001,14
3002,19
3003,12
3004,2
3005,12
3006,15
3007,2
3008,31
3009,1
3010,9
3011,6
3012,20
3013,17
3014,12
3015,22
3016,21
3017,8
3018,33
3019,17
3020,8
3021,13
3022,4
3023,16
3024,22
3025,14
3026,24
3027,38
3028,17
3029,12
3030,15
3031,1
3032,29
3033,10
3034,10
3035,19
3036,3
3037,13
3038,9
3039,4
3040,16
3041,3
3042,14
3043,6
3044,3
3045,4
3046,23
3047,24
3048,13
3049,8
3050,20
3051,35
3052,2
3053,9
3054,7
3055,19
3056,5
3057,23
3058,5
3059,11
3060,13
3061,18
3062,25
3063,26
3064,1
3065,24
3066,23
3067,6
3068,7
3069,10
3070,6
3071,21
3072,3
3073,7
3074,14
3075,15
3076,1
3077,23
3078,3
3079,18
3080,17
3081,6
3082,1
3083,2
3084,3
3085,3
3086,10
3087,29
3088,20
3089,5
3090,18
3091,10
3092,21
3093,7
3094,18
3095,2
3096,15
3097,8
3098,3
3099,7
3100,3
3101,1
3102,1
3103,16
3104,11
3105,6
3106,1
3107,3
3108,13
3109,1
3110,9
3111,3
3112,13
3113,13
3114,5
3115,15
3116,8
3117,1
3118,7
3119,13
3120,8
3121,9
3122,23
3123,18
3124,24
3125,3
3126,18
3127,14
3128,8
3129,5
3130,7
3131,15
3132,9
3133,3
3134,18
3135,4
3136,2
3137,29
3138,11
3139,21
3140,21
3141,10
3142,1
3143,2
3144,20
3145,5
3146,7
3147,2
3148,6
3149,17
3150,8
3151,5
3152,1
3153,9
3154,3
3155,17
3156,15
3157,7
3158,9
3159,19
3160,18
3161,10
3162,21
3163,34
3164,2
3165,12
3166,15
3167,7
3168,4
3169,18
3170,22
3171,10
3172,7
3173,12
3174,10
3175,4
3176,35
3177,7
3178,1
3179,3
3180,12
3181,19
3182,17
3183,6
3184,18
3185,4
3186,15
3187,2
3188,6
3189,1
3190,1
3191,14
3192,6
3193,16
3194,4
3195,15
3196,14
3197,4
3198,11
3199,10
3200,8
3201,3
3202,23
3203,6
3204,23
3205,14
3206,6
3207,4
3208,11
3209,33
3210,9
3211,14
3212,3
3213,10
3214,18
3215,21
3216,3
3217,1
3218,18
3219,15
3220,16
3221,13
3222,19
3223,2
3224,20
3225,12
3226,28
3227,11
3228,19
3229,26
3230,20
3231,17
3232,28
3233,17
3234,28
3235,7
3236,3
3237,24
3238,4
3239,4
3240,25
3241,16
3242,8
3243,13
3244,34
3245,46
3246,8
3247,17
3248,4
3249,17
3250,16
3251,8
3252,5
3253,18
3254,7
3255,1
3256,19
3257,10
3258,9
3259,7
3260,7
3261,23
3262,3
3263,1
3264,7
3265,9
3266,12
3267,1
3268,15
3269,6
3270,17
3271,6
3272,22
3273,31
3274,22
3275,13
3276,11
3277,17
3278,7
3279,5
3280,12
3281,15
3282,11
3283,31
3284,18
3285,8
3286,12
3287,3
3288,6
3289,19
3290,29
3291,5
3292,17
3293,1
3294,1
3295,16
3296,21
3297,1
3298,8
3299,6
3300,10
3301,3
3302,3
3303,6
3304,21
3305,3
3306,7
3307,19
3308,3
3309,14
3310,12
3311,11
3312,10
3313,20
3314,20
3315,15
3316,2
3317,3
3318,4
3319,21
3320,10
3321,20
3322,23
3323,19
3324,5
3325,10
3326,5
3327,3
3328,9
3329,10
3330,3
3331,5
3332,10
3333,5
3334,3
3335,8
3336,20
3337,11
3338,3
3339,3
3340,7
3341,18
3342,13
3343,16
3344,13
3345,25
3346,4
3347,7
3348,10
3349,12
3350,6
3351,9
3352,22
3353,6
3354,3
3355,8
3356,15
3357,2
3358,2
3359,8
3360,8
3361,1
3362,2
3363,12
3364,32
3365,6
3366,6
3367,7
3368,20
3369,16
3370,9
3371,7
3372,11
3373,20
3374,16
3375,11
3376,13
3377,16
3378,3
3379,1
3380,12
3381,11
3382,1
3383,4
3384,10
3385,11
3386,13
3387,19
3388,8
3389,11
3390,6
3391,1
3392,8
3393,10
3394,14
3395,14
3396,3
3397,9
3398,7
3399,8
3400,13
3401,13
3402,9
3403,5
3404,22
3405,7
3406,16
3407,23
3408,11
3409,23
3410,12
3411,18
3412,2
3413,15
3414,6
3415,5
3416,10
3417,5
3418,17
3419,19
3420,3
3421,8
3422,24
3423,12
3424,6
3425,16
3426,17
3427,1
3428,1
3429,13
3430,7
3431,16
3432,8
3433,3
3434,1
3435,4
3436,11
3437,12
3438,9
3439,1
3440,10
3441,15
3442,36
3443,10
3444,4
3445,12
3446,9
3447,24
3448,16
3449,27
3450,26
3451,18
3452,6
3453,22
3454,11
3455,13
3456,20
3457,13
3458,17
3459,20
3460,22
3461,27
3462,4
3463,27
3464,19
3465,2
3466,33
3467,25
3468,26
3469,8
3470,6
3471,6
3472,1
3473,12
3474,12
3475,12
3476,27
3477,11
3478,15
3479,4
3480,14
3481,3
3482,14
3483,14
3484,15
3485,9
3486,7
3487,12
3488,5
3489,16
3490,10
3491,7
3492,1
3493,16
3494,7
3495,28
3496,1
3497,12
3498,1
3499,9
3500,15
3501,1
3502,17
3503,15
3504,18
3505,16
3506,4
3507,3
3508,9
3509,12
3510,3
3511,15
3512,4
3513,25
3514,11
3515,21
3516,16
3517,6
3518,10
3519,21
3520,14
3521,18
3522,5
3523,31
3524,11
3525,9
3526,3
3527,7
3528,3
3529,14
3530,2
3531,3
3532,13
3533,8
3534,7
3535,16
3536,11
3537,1
3538,12
3539,2
3540,9
3541,16
3542,12
3543,11
3544,20
3545,12
3546,13
3547,7
3548,10
3549,18
3550,6
3551,11
3552,19
3553,14
3554,8
3555,15
3556,18
3557,9
3558,8
3559,4
3560,11
3561,17
3562,3
3563,19
3564,11
3565,13
3566,22
3567,3
3568,5
3569,1
3570,17
3571,4
3572,10
3573,1
3574,14
3575,18
3576,5
3577,2
3578,27
3579,2
3580,1
3581,9
3582,14
3583,19
3584,10
3585,2
3586,10
3587,6
3588,6
3589,16
3590,3
3591,16
3592,9
3593,4
3594,20
3595,2
3596,25
3597,6
3598,18
3599,1
3600,13
3601,5
3602,7
3603,2
3604,5
3605,5
3606,4
3607,11
3608,9
3609,13
3610,13
3611,1
3612,1
3613,8
3614,5
3615,12
3616,8
3617,7
3618,2
3619,13
3620,7
3621,14
3622,2
3623,1
3624,7
3625,13
3626,15
3627,1
3628,8
3629,13
3630,5
3631,4
3632,7
3633,2
3634,19
3635,9
3636,12
3637,3
3638,9
3639,7
3640,7
3641,2
3642,18
3643,8
3644,3
3645,13
3646,4
3647,10
3648,12
3649,10
3650,13
3651,4
3652,4
3653,8
3654,4
3655,15
3656,9
3657,3
3658,13
3659,3
3660,13
3661,8
3662,5
3663,7
3664,7
3665,22
3666,14
3667,11
3668,8
3669,12
3670,12
3671,4
3672,3
3673,13
3674,1
3675,4
3676,1
3677,14
3678,9
3679,8
3680,2
3681,5
3682,1
3683,2
3684,2
3685,13
3686,1
3687,14
3688,6
3689,6
3690,16
3691,5
3692,16
3693,4
3694,7
3695,4
3696,7
3697,5
3698,6
3699,2
3700,7
3701,14
3702,9
3703,7
3704,1
3705,5
3706,7
3707,13
3708,1
3709,6
3710,2
3711,9
3712,2
3713,15
3714,3
3715,5
3716,5
3717,18
3718,9
3719,1
3720,3
3721,4
3722,8
3723,1
3724,11
3725,20
3726,16
3727,19
3728,10
3729,19
3730,4
3731,6
3732,17
3733,3
3734,9
3735,17
3736,5
3737,6
3738,6
3739,2
3740,25
3741,5
3742,16
3743,2
3744,4
3745,21
3746,1
3747,8
3748,7
3749,2
3750,5
3751,4
3752,11
3753,1
3754,8
3755,8
3756,2
3757,3
3758,20
3759,7
3760,10
3761,10
3762,3
3763,8
3764,6
3765,5
3766,20
3767,26
3768,17
3769,13
3770,6
3771,12
3772,2
3773,9
3774,4
3775,14
3776,18
3777,3
3778,1
3779,3
3780,21
3781,12
3782,21
3783,8
3784,7
3785,1
3786,15
3787,7
3788,2
3789,1
3790,15
3791,5
3792,7
3793,5
3794,3
3795,23
3796,4
3797,7
3798,5
3799,15
3800,16
3801,26
3802,7
3803,12
3804,2
3805,17
3806,3
3807,1
3808,14
3809,29
3810,14
3811,5
3812,11
3813,4
3814,22
3815,4
3816,4
3817,13
3818,2
3819,1
3820,3
3821,3
3822,4
3823,11
3824,2
3825,16
3826,2
3827,12
3828,9
3829,6
3830,7
3831,15
3832,1
3833,3
3834,1
3835,3
3836,15
3837,6
3838,27
3839,1
3840,26
3841,2
3842,12
3843,6
3844,10
3845,7
3846,6
3847,4
3848,4
3849,4
3850,8
3851,1
3852,3
3853,2
3854,4
3855,6
3856,5
3857,10
3858,11
3859,7
3860,8
3861,7
3862,2
3863,8
3864,1
3865,12
3866,1
3867,12
3868,8
3869,20
3870,9
3871,5
3872,7
3873,6
3874,2
3875,2
3876,9
3877,5
3878,27
3879,7
3880,1
3881,16
3882,9
3883,11
3884,3
3885,3
3886,10
3887,10
3888,8
3889,4
3890,7
3891,8
3892,16
3893,3
3894,11
3895,15
3896,3
3897,10
3898,15
3899,12
3900,8
3901,3
3902,14
3903,8
3904,13
3905,10
3906,16
3907,5
3908,3
3909,3
3910,5
3911,5
3912,4
3913,13
3914,11
3915,3
3916,9
3917,17
3918,2
3919,10
3920,12
3921,2
3922,8
3923,2
3924,13
3925,14
3926,13
3927,14
3928,8
3929,2
3930,8
3931,10
3932,2
3933,22
3934,10
3935,6
3936,14
3937,20
3938,12
3939,7
3940,12
3941,11
3942,6
3943,5
3944,19
3945,5
3946,2
3947,8
3948,4
3949,14
3950,9
3951,16
3952,10
3953,12
3954,25
3955,15
3956,10
3957,3
3958,3
3959,1
3960,4
3961,23
3962,22
3963,4
3964,11
3965,1
3966,1
3967,5
3968,7
3969,7
3970,4
3971,17
3972,1
3973,15
3974,1
3975,10
3976,3
3977,1
3978,6
3979,1
3980,18
3981,1
3982,2
3983,6
3984,6
3985,24
3986,5
3987,8
3988,14
3989,6
3990,23
3991,4
3992,10
3993,3
3994,8
3995,12
3996,13
3997,11
3998,3
3999,12
4000,12
4001,5
4002,11
4003,14
4004,5
4005,23
4006,9
4007,7
4008,4
4009,9
4010,15
4011,5
4012,11
4013,23
4014,29
4015,10
4016,10
4017,11
4018,19
4019,23
4020,3
4021,9
4022,13
4023,6
4024,16
4025,11
4026,2
4027,14
4028,16
4029,11
4030,14
4031,11
4032,14
4033,18
4034,3
4035,13
4036,6
4037,2
4038,12
4039,17
4040,20
4041,10
4042,5
4043,7
4044,13
4045,11
4046,11
4047,15
4048,6
4049,18
4050,17
4051,19
4052,7
4053,8
4054,2
4055,17
4056,14
4057,6
4058,8
4059,2
4060,22
4061,15
4062,4
4063,4
4064,17
4065,11
4066,4
4067,21
4068,11
4069,1
4070,10
4071,1
4072,10
4073,8
4074,9
4075,4
4076,12
4077,8
4078,20
4079,4
4080,6
4081,16
4082,9
4083,8
4084,17
4085,11
4086,14
4087,3
4088,2
4089,25
4090,9
4091,4
4092,2
4093,8
4094,14
4095,5
4096,3
4097,2
4098,10
4099,3
4100,6
4101,5
4102,12
4103,11
4104,2
4105,13
4106,8
4107,3
4108,3
4109,4
4110,3
4111,4
4112,28
4113,2
4114,7
4115,6
4116,6
4117,9
4118,9
4119,20
4120,7
4121,18
4122,2
4123,8
4124,8
4125,5
4126,7
4127,15
4128,21
4129,13
4130,2
4131,5
4132,5
4133,17
4134,3
4135,4
4136,3
4137,5
4138,13
4139,11
4140,5
4141,4
4142,5
4143,5
4144,7
4145,12
4146,5
4147,1
4148,5
4149,2
4150,9
4151,5
4152,16
4153,8
4154,20
4155,6
4156,8
4157,9
4158,3
4159,15
4160,16
4161,11
4162,3
4163,4
4164,10
4165,19
4166,10
4167,7
4168,19
4169,8
4170,8
4171,11
4172,15
4173,9
4174,4
4175,8
4176,8
4177,4
4178,3
4179,15
4180,11
4181,5
4182,25
4183,12
4184,1
4185,5
4186,2
4187,10
4188,18
4189,9
4190,1
4191,5
4192,9
4193,6
4194,10
4195,7
4196,3
4197,9
4198,7
4199,18
4200,5
4201,2
4202,9
4203,8
4204,14
4205,14
4206,28
4207,10
4208,18
4209,14
4210,8
4211,2
4212,26
4213,7
4214,5
4215,7
4216,5
4217,5
4218,7
4219,25
4220,11
4221,4
4222,9
4223,16
4224,9
4225,9
4226,9
4227,5
4228,3
4229,12
4230,2
4231,14
4232,11
4233,5
4234,7
4235,40
4236,16
4237,7
4238,11
4239,15
4240,17
4241,4
4242,4
4243,35
4244,2
4245,3
4246,2
4247,12
4248,2
4249,4
4250,5
4251,11
4252,7
4253,10
4254,5
4255,13
4256,10
4257,8
4258,6
4259,7
4260,16
4261,16
4262,20
4263,22
4264,14
4265,3
4266,1
4267,8
4268,5
4269,10
4270,10
4271,15
4272,26
4273,1
4274,25
4275,11
4276,5
4277,16
4278,5
4279,5
4280,17
4281,15
4282,5
4283,7
4284,14
4285,3
4286,16
4287,4
4288,10
4289,2
4290,16
4291,2
4292,8
4293,5
4294,8
4295,6
4296,28
4297,12
4298,2
4299,8
4300,6
4301,3
4302,6
4303,4
4304,24
4305,14
4306,7
4307,25
4308,4
4309,19
4310,9
4311,2
4312,11
4313,13
4314,7
4315,7
4316,2
4317,3
4318,10
4319,3
4320,9
4321,24
4322,5
4323,11
4324,5
4325,11
4326,9
4327,8
4328,19
4329,4
4330,15
4331,3
4332,11
4333,25
4334,5
4335,3
4336,6
4337,3
4338,6
4339,5
4340,7
4341,12
4342,11
4343,5
4344,3
4345,8
4346,16
4347,6
4348,9
4349,24
4350,5
4351,5
4352,3
4353,11
4354,7
4355,5
4356,13
4357,2
4358,18
4359,12
4360,2
4361,8
4362,10
4363,13
4364,15
4365,6
4366,9
4367,12
4368,11
4369,8
4370,21
4371,18
4372,5
4373,11
4374,12
4375,12
4376,20
4377,26
4378,4
4379,13
4380,3
4381,11
4382,9
4383,6
4384,20
4385,6
4386,2
4387,15
4388,5
4389,14
4390,4
4391,5
4392,4
4393,15
4394,5
4395,3
4396,8
4397,4
4398,4
4399,14
4400,1
4401,12
4402,11
4403,13
4404,7
4405,6
4406,3
4407,3
4408,6
4409,11
4410,1
4411,3
4412,8
4413,12
4414,7
4415,8
4416,5
4417,7
4418,4
4419,1
4420,12
4421,13
4422,20
4423,7
4424,3
4425,7
4426,5
4427,8
4428,3
4429,3
4430,9
4431,12
4432,3
4433,3
4434,7
4435,5
4436,7
4437,7
4438,15
4439,2
4440,14
4441,17
4442,5
4443,2
4444,6
4445,4
4446,8
4447,4
4448,12
4449,24
4450,14
4451,11
4452,3
4453,29
4454,27
4455,12
4456,23
4457,28
4458,24
4459,8
4460,4
4461,2
4462,10
4463,12
4464,4
4465,5
4466,14
4467,3
4468,13
4469,13
4470,22
4471,13
4472,5
4473,10
4474,1
4475,8
4476,10
4477,19
4478,2
4479,22
4480,32
4481,12
4482,5
4483,10
4484,4
4485,11
4486,7
4487,9
4488,15
4489,2
4490,10
4491,15
4492,13
4493,20
4494,1
4495,6
4496,7
4497,9
4498,3
4499,11
4500,14
4501,25
4502,9
4503,12
4504,4
4505,16
4506,14
4507,7
4508,3
4509,12
4510,2
4511,23
4512,40
4513,7
4514,28
4515,15
4516,2
4517,41
4518,6
4519,4
4520,1
4521,10
4522,19
4523,5
4524,1
4525,27
4526,5
4527,19
4528,6
4529,4
4530,18
4531,5
4532,17
4533,8
4534,6
4535,23
4536,4
4537,6
4538,11
4539,12
4540,17
4541,11
4542,1
4543,10
4544,3
4545,23
4546,9
4547,1
4548,10
4549,12
4550,30
4551,10
4552,4
4553,6
4554,10
4555,3
4556,9
4557,2
4558,1
4559,2
4560,20
4561,1
4562,19
4563,5
4564,2
4565,16
4566,5
4567,15
4568,33
4569,10
4570,15
4571,13
4572,18
4573,26
4574,2
4575,8
4576,11
4577,21
4578,3
4579,14
4580,4
4581,21
4582,15
4583,3
4584,21
4585,4
4586,6
4587,6
4588,11
4589,6
4590,7
4591,2
4592,9
4593,23
4594,1
4595,7
4596,4
4597,20
4598,14
4599,8
4600,4
4601,2
4602,6
4603,5
4604,7
4605,15
4606,10
4607,21
4608,9
4609,21
4610,7
4611,9
4612,5
4613,8
4614,5
4615,4
4616,2
4617,2
4618,4
4619,12
4620,12
4621,4
4622,19
4623,19
4624,6
4625,22
4626,16
4627,5
4628,4
4629,25
4630,9
4631,3
4632,14
4633,1
4634,3
4635,10
4636,12
4637,6
4638,12
4639,15
4640,11
4641,7
4642,2
4643,7
4644,6
4645,16
4646,3
4647,16
4648,9
4649,9
4650,13
4651,9
4652,15
4653,1
4654,14
4655,8
4656,19
4657,7
4658,5
4659,13
4660,25
4661,14
4662,6
4663,17
4664,15
4665,15
4666,6
4667,9
4668,7
4669,7
4670,7
4671,6
4672,5
4673,1
4674,7
4675,30
4676,11
4677,33
4678,21
4679,5
4680,2
4681,16
4682,2
4683,14
4684,9
4685,7
4686,21
4687,12
4688,2
4689,1
4690,14
4691,20
4692,9
4693,17
4694,16
4695,8
4696,8
4697,12
4698,15
4699,18
4700,14
4701,25
4702,14
4703,11
4704,15
4705,9
4706,1
4707,17
4708,6
4709,1
4710,9
4711,14
4712,1
4713,4
4714,5
4715,12
4716,10
4717,22
4718,26
4719,7
4720,14
4721,2
4722,6
4723,1
4724,13
4725,20
4726,6
4727,11
4728,20
4729,1
4730,55
4731,20
4732,27
4733,10
4734,7
4735,8
4736,7
4737,3
4738,16
4739,4
4740,10
4741,16
4742,21
4743,10
4744,9
4745,8
4746,3
4747,12
4748,25
4749,21
4750,13
4751,2
4752,15
4753,8
4754,9
4755,3
4756,25
4757,14
4758,16
4759,2
4760,20
4761,1
4762,5
4763,3
4764,7
4765,11
4766,5
4767,23
4768,31
4769,18
4770,27
4771,13
4772,1
4773,12
4774,1
4775,2
4776,1
4777,3
4778,7
4779,1
4780,13
4781,23
4782,13
4783,4
4784,13
4785,22
4786,1
4787,5
4788,4
4789,5
4790,5
4791,11
4792,12
4793,6
4794,15
4795,19
4796,13
4797,4
4798,5
4799,19
4800,14
4801,7
4802,27
4803,3
4804,37
4805,4
4806,22
4807,26
4808,22
4809,13
4810,9
4811,28
4812,2
4813,7
4814,12
4815,23
4816,9
4817,11
4818,5
4819,6
4820,2
4821,28
4822,8
4823,6
4824,8
4825,34
4826,17
4827,1
4828,49
4829,6
4830,14
4831,6
4832,12
4833,1
4834,2
4835,7
4836,12
4837,10
4838,8
4839,2
4840,14
4841,22
4842,10
4843,7
4844,26
4845,1
4846,7
4847,9
4848,7
4849,31
4850,5
4851,8
4852,12
4853,19
4854,18
4855,2
4856,11
4857,18
4858,9
4859,16
4860,2
4861,3
4862,17
4863,6
4864,8
4865,4
4866,1
4867,3
4868,22
4869,3
4870,6
4871,11
4872,3
4873,8
4874,6
4875,16
4876,17
4877,3
4878,7
4879,25
4880,2
4881,1
4882,18
4883,10
4884,1
4885,6
4886,1
4887,4
4888,18
4889,20
4890,3
4891,15
4892,12
4893,2
4894,7
4895,22
4896,17
4897,14
4898,22
4899,5
4900,4
4901,11
4902,1
4903,22
4904,5
4905,5
4906,7
4907,1
4908,6
4909,8
4910,19
4911,20
4912,8
4913,2
4914,7
4915,9
4916,8
4917,16
4918,13
4919,5
4920,10
4921,10
4922,7
4923,19
4924,26
4925,11
4926,6
4927,24
4928,7
4929,1
4930,3
4931,13
4932,23
4933,20
4934,10
4935,28
4936,15
4937,7
4938,16
4939,15
4940,11
4941,15
4942,17
4943,1
4944,20
4945,5
4946,24
4947,4
4948,14
4949,3
4950,8
4951,10
4952,13
4953,17
4954,11
4955,10
4956,16
4957,6
4958,1
4959,5
4960,8
4961,25
4962,11
4963,5
4964,14
4965,17
4966,4
4967,11
4968,4
4969,4
4970,9
4971,1
4972,2
4973,5
4974,5
4975,6
4976,7
4977,4
4978,15
4979,2
4980,21
4981,6
4982,6
4983,1
4984,3
4985,3
4986,2
4987,18
4988,25
4989,16
4990,11
4991,1
4992,3
4993,2
4994,6
4995,20
4996,14
4997,5
4998,15
4999,15
5000,28
5001,6
5002,7
5003,29
5004,11
5005,7
5006,6
5007,25
5008,13
5009,3
5010,3
5011,1
5012,27
5013,1
5014,33
5015,16
5016,2
5017,9
5018,7
5019,7
5020,3
5021,3
5022,18
5023,16
5024,1
5025,11
5026,1
5027,6
5028,1
5029,21
5030,5
5031,13
5032,1
5033,16
5034,2
5035,3
5036,8
5037,14
5038,9
5039,15
5040,2
5041,8
5042,10
5043,5
5044,2
5045,10
5046,13
5047,4
5048,17
5049,7
5050,20
5051,22
5052,7
5053,2
5054,18
5055,4
5056,2
5057,24
5058,2
5059,15
5060,12
5061,3
5062,20
5063,24
5064,3
5065,15
5066,9
5067,7
5068,3
5069,1
5070,7
5071,4
5072,10
5073,9
5074,2
5075,11
5076,14
5077,7
5078,23
5079,20
5080,13
5081,19
5082,2
5083,18
5084,6
5085,7
5086,3
5087,2
5088,7
5089,2
5090,15
5091,1
5092,16
5093,1
5094,3
5095,8
5096,1
5097,3
5098,14
5099,13
5100,7
5101,6
5102,7
5103,1
5104,5
5105,8
5106,4
5107,10
5108,4
5109,17
5110,5
5111,16
5112,9
5113,10
5114,15
5115,2
5116,1
5117,20
5118,8
5119,8
5120,1
5121,9
5122,2
5123,7
5124,6
5125,5
5126,4
5127,15
5128,11
5129,19
5130,7
5131,5
5132,3
5133,16
5134,2
5135,6
5136,12
5137,1
5138,5
5139,18
5140,3
5141,4
5142,6
5143,2
5144,1
5145,2
5146,17
5147,2
5148,7
5149,12
5150,8
5151,10
5152,5
5153,1
5154,11
5155,10
5156,6
5157,4
5158,10
5159,9
5160,4
5161,14
5162,8
5163,6
5164,5
5165,3
5166,21
5167,9
5168,4
5169,6
5170,5
5171,13
5172,8
5173,12
5174,4
5175,19
5176,4
5177,4
5178,17
5179,1
5180,12
5181,1
5182,10
5183,8
5184,16
5185,7
5186,8
5187,11
5188,7
5189,14
5190,10
5191,22
5192,7
5193,7
5194,3
5195,1
5196,2
5197,16
5198,8
5199,9
5200,1
5201,6
5202,10
5203,5
5204,2
5205,3
5206,16
5207,9
5208,8
5209,9
5210,16
5211,14
5212,3
5213,23
5214,1
5215,4
5216,6
5217,6
5218,3
5219,8
5220,7
5221,9
5222,2
5223,4
5224,1
5225,14
5226,3
5227,6
5228,13
5229,5
5230,8
5231,4
5232,2
5233,9
5234,10
5235,6
5236,15
5237,10
5238,9
5239,4
5240,5
5241,7
5242,2
5243,14
5244,5
5245,5
5246,8
5247,18
5248,16
5249,2
5250,5
5251,1
5252,6
5253,5
5254,12
5255,4
5256,12
5257,16
5258,13
5259,5
5260,12
5261,3
5262,4
5263,13
5264,23
5265,8
5266,19
5267,6
5268,15
5269,3
5270,5
5271,11
5272,4
5273,15
5274,10
5275,13
5276,27
5277,16
5278,1
5279,20
5280,3
5281,7
5282,4
5283,3
5284,2
5285,12
5286,8
5287,6
5288,5
5289,4
5290,10
5291,7
5292,11
5293,6
5294,2
5295,9
5296,3
5297,12
5298,18
5299,10
5300,5
5301,2
5302,5
5303,5
5304,13
5305,3
5306,14
5307,14
5308,7
5309,12
5310,18
5311,5
5312,17
5313,15
5314,6
5315,11
5316,16
5317,11
5318,16
5319,7
5320,9
5321,9
5322,9
5323,29
5324,7
5325,7
5326,10
5327,9
5328,18
5329,8
5330,6
5331,10
5332,1
5333,10
5334,10
5335,6
5336,7
5337,6
5338,14
5339,12
5340,7
5341,2
5342,7
5343,18
5344,7
5345,22
5346,3
5347,18
5348,5
5349,7
5350,21
5351,3
5352,1
5353,19
5354,9
5355,25
5356,13
5357,24
5358,11
5359,8
5360,13
5361,14
5362,20
5363,24
5364,3
5365,14
5366,23
5367,7
5368,2
5369,7
5370,1
5371,16
5372,16
5373,5
5374,10
5375,5
5376,11
5377,8
5378,13
5379,12
5380,31
5381,8
5382,14
5383,1
5384,13
5385,2
5386,6
5387,14
5388,10
5389,12
5390,8
5391,8
5392,5
5393,7
5394,1
5395,4
5396,4
5397,9
5398,2
5399,7
5400,5
5401,10
5402,18
5403,4
5404,8
5405,16
5406,13
5407,1
5408,6
5409,6
5410,9
5411,8
5412,14
5413,1
5414,2
5415,2
5416,2
5417,10
5418,19
5419,20
5420,12
5421,3
5422,18
5423,8
5424,8
5425,19
5426,10
5427,19
5428,4
5429,5
5430,17
5431,7
5432,5
5433,3
5434,10
5435,2
5436,16
5437,1
5438,12
5439,5
5440,7
5441,11
5442,11
5443,2
5444,13
5445,4
5446,27
5447,29
5448,2
5449,11
5450,1
5451,18
5452,1
5453,8
5454,1
5455,11
5456,30
5457,5
5458,6
5459,7
5460,11
5461,10
5462,13
5463,10
5464,3
5465,6
5466,7
5467,9
5468,3
5469,14
5470,34
5471,21
5472,1
5473,18
5474,5
5475,20
5476,11
5477,18
5478,5
5479,1
5480,11
5481,16
5482,18
5483,10
5484,16
5485,17
5486,6
5487,17
5488,9
5489,13
5490,21
5491,14
5492,13
5493,8
5494,13
5495,4
5496,15
5497,1
5498,13
5499,30
5500,8
5501,5
5502,7
5503,21
5504,6
5505,8
5506,1
5507,18
5508,6
5509,30
5510,20
5511,3
5512,4
5513,11
5514,9
5515,10
5516,8
5517,2
5518,17
5519,3
5520,11
5521,14
5522,9
5523,9
5524,20
5525,15
5526,5
5527,1
5528,15
5529,15
5530,12
5531,7
5532,1
5533,15
5534,12
5535,9
5536,21
5537,8
5538,8
5539,6
5540,2
5541,10
5542,2
5543,3
5544,3
5545,23
5546,15
5547,5
5548,6
5549,3
5550,5
5551,4
5552,16
5553,6
5554,3
5555,15
5556,3
5557,15
5558,16
5559,5
5560,5
5561,14
5562,16
5563,13
5564,24
5565,9
5566,9
5567,19
5568,7
5569,20
5570,7
5571,2
5572,4
5573,27
5574,9
5575,2
5576,16
5577,1
5578,2
5579,15
5580,13
5581,7
5582,8
5583,11
5584,7
5585,18
5586,4
5587,6
5588,10
5589,13
5590,9
5591,2
5592,1
5593,13
5594,16
5595,16
5596,13
5597,4
5598,18
5599,7
5600,1
5601,15
5602,14
5603,6
5604,13
5605,6
5606,16
5607,9
5608,1
5609,7
5610,10
5611,3
5612,4
5613,4
5614,13
5615,14
5616,14
5617,4
5618,7
5619,23
5620,10
5621,1
5622,9
5623,4
5624,17
5625,12
5626,1
5627,12
5628,14
5629,15
5630,5
5631,4
5632,6
5633,7
5634,12
5635,3
5636,5
5637,1
5638,21
5639,6
5640,17
5641,1
5642,21
5643,8
5644,7
5645,30
5646,1
5647,3
5648,3
5649,12
5650,19
5651,11
5652,5
5653,9
5654,15
5655,18
5656,9
5657,12
5658,11
5659,17
5660,8
5661,5
5662,1
5663,6
5664,15
5665,9
5666,16
5667,24
5668,17
5669,3
5670,1
5671,7
5672,17
5673,8
5674,2
5675,2
5676,7
5677,8
5678,3
5679,8
5680,5
5681,4
5682,6
5683,6
5684,14
5685,16
5686,8
5687,7
5688,10
5689,10
5690,16
5691,23
5692,10
5693,3
5694,15
5695,12
5696,5
5697,21
5698,3
5699,13
5700,12
5701,15
5702,20
5703,23
5704,18
5705,5
5706,23
5707,17
5708,2
5709,19
5710,16
5711,15
5712,2
5713,4
5714,14
5715,17
5716,13
5717,5
5718,13
5719,10
5720,5
5721,1
5722,17
5723,8
5724,6
5725,24
5726,1
5727,11
5728,8
5729,2
5730,2
5731,14
5732,4
5733,7
5734,7
5735,9
5736,4
5737,11
5738,28
5739,18
5740,3
5741,19
5742,3
5743,7
5744,5
5745,11
5746,4
5747,9
5748,24
5749,13
5750,6
5751,2
5752,4
5753,11
5754,3
5755,12
5756,16
5757,13
5758,3
5759,14
5760,34
5761,3
5762,29
5763,1
5764,15
5765,21
5766,5
5767,12
5768,8
5769,10
5770,3
5771,15
5772,9
5773,8
5774,7
5775,7
5776,5
5777,2
5778,7
5779,6
5780,12
5781,25
5782,15
5783,5
5784,8
5785,12
5786,10
5787,12
5788,22
5789,16
5790,14
5791,7
5792,4
5793,1
5794,1
5795,7
5796,8
5797,21
5798,14
5799,6
5800,4
5801,2
5802,5
5803,13
5804,5
5805,13
5806,15
5807,5
5808,5
5809,12
5810,10
5811,14
5812,4
5813,15
5814,14
5815,16
5816,3
5817,3
5818,22
5819,2
5820,22
5821,6
5822,19
5823,1
5824,9
5825,5
5826,4
5827,5
5828,3
5829,6
5830,10
5831,2
5832,5
5833,7
5834,27
5835,3
5836,5
5837,9
5838,10
5839,17
5840,3
5841,1
5842,1
5843,15
5844,13
5845,3
5846,14
5847,8
5848,14
5849,13
5850,12
5851,8
5852,11
5853,9
5854,8
5855,14
5856,17
5857,2
5858,18
5859,11
5860,10
5861,13
5862,27
5863,13
5864,4
5865,6
5866,4
5867,4
5868,2
5869,19
5870,5
5871,4
5872,16
5873,6
5874,9
5875,11
5876,8
5877,2
5878,24
5879,15
5880,9
5881,3
5882,7
5883,5
5884,1
5885,18
5886,7
5887,8
5888,6
5889,1
5890,10
5891,12
5892,6
5893,4
5894,7
5895,2
5896,8
5897,8
5898,9
5899,8
5900,10
5901,7
5902,2
5903,7
5904,7
5905,21
5906,18
5907,10
5908,11
5909,5
5910,7
5911,1
5912,10
5913,19
5914,28
5915,2
5916,20
5917,30
5918,12
5919,3
5920,17
5921,4
5922,17
5923,14
5924,2
5925,1
5926,10
5927,5
5928,10
5929,9
5930,6
5931,7
5932,16
5933,6
5934,28
5935,27
5936,18
5937,6
5938,15
5939,7
5940,9
5941,11
5942,24
5943,4
5944,11
5945,6
5946,14
5947,5
5948,12
5949,14
5950,8
5951,2
5952,9
5953,13
5954,2
5955,10
5956,9
5957,9
5958,6
5959,15
5960,9
5961,4
5962,6
5963,5
5964,8
5965,19
5966,3
5967,10
5968,5
5969,15
5970,8
5971,9
5972,6
5973,1
5974,5
5975,1
5976,9
5977,4
5978,8
5979,10
5980,20
5981,6
5982,15
5983,7
5984,6
5985,5
5986,17
5987,4
5988,18
5989,11
5990,2
5991,12
5992,9
5993,6
5994,7
5995,1
5996,2
5997,17
5998,17
5999,11
6000,3
6001,1
6002,3
6003,5
6004,11
6005,7
6006,11
6007,4
6008,6
6009,6
6010,5
6011,9
6012,2
6013,16
6014,3
6015,9
6016,5
6017,11
6018,7
6019,15
6020,4
6021,19
6022,4
6023,5
6024,18
6025,11
6026,11
6027,15
6028,12
6029,5
6030,11
6031,18
6032,12
6033,3
6034,21
6035,1
6036,15
6037,1
6038,9
6039,11
6040,9
6041,17
6042,2
6043,2
6044,4
6045,1
6046,4
6047,12
6048,3
6049,10
6050,8
6051,3
6052,4
6053,28
6054,3
6055,20
6056,11
6057,13
6058,20
6059,5
6060,14
6061,12
6062,9
6063,3
6064,16
6065,1
6066,2
6067,3
6068,7
6069,6
6070,9
6071,6
6072,5
6073,17
6074,5
6075,7
6076,1
6077,8
6078,12
6079,4
6080,12
6081,1
6082,4
6083,3
6084,10
6085,10
6086,4
6087,1
6088,8
6089,6
6090,1
6091,8
6092,12
6093,7
6094,9
6095,7
6096,4
6097,5
6098,14
6099,8
6100,1
6101,5
6102,4
6103,1
6104,10
6105,14
6106,11
6107,6
6108,11
6109,7
6110,8
6111,10
6112,3
6113,3
6114,5
6115,1
6116,8
6117,13
6118,7
6119,16
6120,1
6121,2
6122,17
6123,9
6124,11
6125,6
6126,5
6127,9
6128,13
6129,12
6130,11
6131,10
6132,3
6133,6
6134,14
6135,3
6136,4
6137,19
6138,2
6139,5
6140,10
6141,11
6142,4
6143,6
6144,13
6145,13
6146,11
6147,3
6148,19
6149,16
6150,4
6151,4
6152,2
6153,8
6154,11
6155,9
6156,5
6157,4
6158,4
6159,10
6160,19
6161,16
6162,4
6163,5
6164,2
6165,5
6166,6
6167,4
6168,10
6169,6
6170,2
6171,8
6172,8
6173,9
6174,14
6175,6
6176,12
6177,9
6178,1
6179,8
6180,6
6181,7
6182,3
6183,6
6184,21
6185,22
6186,7
6187,1
6188,10
6189,11
6190,2
6191,3
6192,9
6193,8
6194,8
6195,4
6196,4
6197,7
6198,10
6199,13
6200,21
6201,6
6202,8
6203,9
6204,17
6205,9
6206,3
6207,5
6208,7
6209,11
6210,10
6211,13
6212,5
6213,7
6214,11
6215,5
6216,3
6217,4
6218,7
6219,2
6220,8
6221,5
6222,2
6223,21
6224,2
6225,8
6226,6
6227,4
6228,4
6229,6
6230,2
6231,8
6232,2
6233,18
6234,7
6235,2
6236,9
6237,8
6238,13
6239,3
6240,6
6241,8
6242,12
6243,15
6244,7
6245,14
6246,1
6247,17
6248,4
6249,2
6250,7
6251,2
6252,16
6253,10
6254,10
6255,17
6256,8
6257,20
6258,6
6259,1
6260,19
6261,12
6262,3
6263,9
6264,6
6265,8
6266,4
6267,8
6268,9
6269,2
6270,11
6271,4
6272,1
6273,2
6274,8
6275,11
6276,2
6277,10
6278,4
6279,3
6280,15
6281,6
6282,5
6283,17
6284,13
6285,1
6286,2
6287,17
6288,9
6289,4
6290,6
6291,7
6292,3
6293,5
6294,4
6295,8
6296,18
6297,1
6298,10
6299,5
6300,12
6301,15
6302,10
6303,14
6304,7
6305,4
6306,9
6307,6
6308,3
6309,2
6310,3
6311,11
6312,1
6313,6
6314,4
6315,20
6316,1
6317,9
6318,1
6319,10
6320,5
6321,4
6322,15
6323,8
6324,5
6325,11
6326,19
6327,4
6328,3
6329,13
6330,2
6331,5
6332,12
6333,3
6334,23
6335,10
6336,4
6337,8
6338,33
6339,13
6340,12
6341,8
6342,5
6343,1
6344,19
6345,7
6346,6
6347,1
6348,2
6349,2
6350,1
6351,14
6352,3
6353,24
6354,3
6355,5
6356,8
6357,24
6358,3
6359,17
6360,6
6361,11
6362,4
6363,2
6364,9
6365,4
6366,1
6367,7
6368,6
6369,2
6370,8
6371,9
6372,7
6373,2
6374,9
6375,5
6376,4
6377,16
6378,12
6379,15
6380,5
6381,3
6382,8
6383,19
6384,1
6385,2
6386,8
6387,5
6388,2
6389,12
6390,2
6391,11
6392,11
6393,2
6394,1
6395,2
6396,8
6397,3
6398,7
6399,6
6400,2
6401,8
6402,8
6403,9
6404,2
6405,10
6406,6
6407,10
6408,19
6409,17
6410,1
6411,11
6412,1
6413,1
6414,7
6415,12
6416,10
6417,16
6418,6
6419,9
6420,14
6421,6
6422,8
6423,7
6424,6
6425,10
6426,10
6427,10
6428,7
6429,5
6430,14
6431,8
6432,9
6433,20
6434,4
6435,7
6436,8
6437,22
6438,11
6439,9
6440,7
6441,10
6442,4
6443,12
6444,9
6445,2
6446,26
6447,6
6448,2
6449,3
6450,22
6451,2
6452,5
6453,11
6454,21
6455,13
6456,1
6457,4
6458,3
6459,29
6460,10
6461,6
6462,7
6463,17
6464,7
6465,11
6466,1
6467,11
6468,8
6469,3
6470,2
6471,7
6472,15
6473,21
6474,10
6475,21
6476,7
6477,10
6478,2
6479,3
6480,6
6481,13
6482,6
6483,19
6484,11
6485,13
6486,9
6487,5
6488,25
6489,15
6490,3
6491,13
6492,2
6493,28
6494,13
6495,14
6496,5
6497,1
6498,1
6499,12
6500,8
6501,6
6502,10
6503,6
6504,3
6505,9
6506,14
6507,6
6508,13
6509,5
6510,1
6511,17
6512,3
6513,1
6514,16
6515,18
6516,19
6517,7
6518,2
6519,19
6520,5
6521,2
6522,19
6523,6
6524,1
6525,9
6526,16
6527,7
6528,8
6529,14
6530,8
6531,21
6532,12
6533,3
6534,4
6535,12
6536,4
6537,2
6538,3
6539,17
6540,16
6541,1
6542,8
6543,2
6544,16
6545,4
6546,3
6547,4
6548,25
6549,7
6550,10
6551,5
6552,20
6553,14
6554,20
6555,14
6556,2
6557,13
6558,6
6559,6
6560,8
6561,16
6562,2
6563,2
6564,19
6565,2
6566,7
6567,4
6568,1
6569,13
6570,2
6571,1
6572,1
6573,14
6574,4
6575,3
6576,1
6577,14
6578,7
6579,2
6580,11
6581,2
6582,2
6583,8
6584,3
6585,4
6586,4
6587,2
6588,8
6589,12
6590,8
6591,3
6592,12
6593,4
6594,5
6595,5
6596,16
6597,5
6598,8
6599,12
6600,5
6601,6
6602,11
6603,17
6604,13
6605,14
6606,2
6607,3
6608,1
6609,12
6610,2
6611,2
6612,4
6613,6
6614,11
6615,11
6616,8
6617,17
6618,7
6619,10
6620,8
6621,1
6622,7
6623,13
6624,10
6625,17
6626,3
6627,9
6628,15
6629,20
6630,12
6631,10
6632,11
6633,3
6634,3
6635,1
6636,13
6637,11
6638,2
6639,2
6640,1
6641,11
6642,8
6643,16
6644,9
6645,9
6646,2
6647,2
6648,7
6649,24
6650,4
6651,18
6652,5
6653,3
6654,14
6655,12
6656,3
6657,16
6658,11
6659,3
6660,13
6661,13
6662,2
6663,11
6664,12
6665,7
6666,13
6667,1
6668,9
6669,13
6670,5
6671,9
6672,9
6673,12
6674,6
6675,3
6676,3
6677,1
6678,10
6679,4
6680,17
6681,2
6682,11
6683,4
6684,10
6685,17
6686,20
6687,20
6688,5
6689,7
6690,6
6691,9
6692,2
6693,9
6694,17
6695,26
6696,16
6697,19
6698,16
6699,3
6700,6
6701,1
6702,11
6703,5
6704,9
6705,2
6706,9
6707,4
6708,7
6709,5
6710,11
6711,6
6712,5
6713,4
6714,13
6715,5
6716,11
6717,1
6718,18
6719,5
6720,4
6721,10
6722,9
6723,3
6724,1
6725,2
6726,6
6727,6
6728,20
6729,1
6730,13
6731,1
6732,2
6733,9
6734,7
6735,9
6736,14
6737,16
6738,20
6739,15
6740,5
6741,1
6742,20
6743,9
6744,4
6745,3
6746,3
6747,18
6748,6
6749,9
6750,10
6751,8
6752,17
6753,2
6754,1
6755,3
6756,1
6757,12
6758,1
6759,9
6760,4
6761,7
6762,4
6763,9
6764,7
6765,2
6766,3
6767,4
6768,7
6769,13
6770,9
6771,1
6772,5
6773,8
6774,1
6775,7
6776,5
6777,3
6778,14
6779,2
6780,16
6781,7
6782,18
6783,7
6784,18
6785,3
6786,5
6787,19
6788,13
6789,3
6790,2
6791,1
6792,4
6793,10
6794,6
6795,1
6796,8
6797,11
6798,11
6799,9
6800,4
6801,12
6802,6
6803,9
6804,1
6805,6
6806,17
6807,2
6808,29
6809,12
6810,28
6811,4
6812,15
6813,3
6814,6
6815,11
6816,10
6817,18
6818,8
6819,1
6820,2
6821,8
6822,1
6823,9
6824,14
6825,1
6826,5
6827,7
6828,13
6829,18
6830,6
6831,3
6832,4
6833,5
6834,17
6835,3
6836,10
6837,7
6838,20
6839,6
6840,12
6841,7
6842,4
6843,12
6844,5
6845,11
6846,9
6847,5
6848,4
6849,7
6850,12
6851,10
6852,14
6853,7
6854,13
6855,13
6856,7
6857,7
6858,3
6859,8
6860,3
6861,6
6862,13
6863,7
6864,14
6865,14
6866,16
6867,3
6868,13
6869,9
6870,12
6871,7
6872,14
6873,5
6874,18
6875,11
6876,8
6877,3
6878,6
6879,7
6880,9
6881,9
6882,3
6883,2
6884,4
6885,1
6886,3
6887,2
6888,4
6889,4
6890,8
6891,15
6892,1
6893,3
6894,1
6895,5
6896,6
6897,3
6898,10
6899,3
6900,13
6901,7
6902,4
6903,13
6904,3
6905,13
6906,12
6907,14
6908,9
6909,2
6910,4
6911,14
6912,2
6913,4
6914,4
6915,27
6916,8
6917,3
6918,16
6919,17
6920,10
6921,12
6922,11
6923,5
6924,17
6925,9
6926,19
6927,13
6928,11
6929,14
6930,4
6931,5
6932,2
6933,2
6934,1
6935,2
6936,24
6937,2
6938,4
6939,12
6940,12
6941,17
6942,1
6943,8
6944,14
6945,10
6946,8
6947,27
6948,2
6949,2
6950,3
6951,1
6952,17
6953,4
6954,24
6955,12
6956,9
6957,3
6958,8
6959,19
6960,24
6961,4
6962,4
6963,14
6964,10
6965,7
6966,11
6967,8
6968,30
6969,12
6970,15
6971,5
6972,17
6973,16
6974,6
6975,9
6976,12
6977,18
6978,3
6979,6
6980,16
6981,12
6982,19
6983,16
6984,18
6985,12
6986,9
6987,16
6988,33
6989,16
6990,13
6991,2
6992,22
6993,2
6994,40
6995,1
6996,1
6997,13
6998,3
6999,12
7000,30
7001,10
7002,10
7003,6
7004,1
7005,8
7006,18
7007,26
7008,2
7009,8
7010,25
7011,15
7012,7
7013,7
7014,8
7015,11
7016,11
7017,3
7018,2
7019,6
7020,3
7021,13
7022,23
7023,1
7024,25
7025,15
7026,17
7027,10
7028,22
7029,12
7030,9
7031,1
7032,4
7033,3
7034,26
7035,16
7036,8
7037,6
7038,1
7039,16
7040,14
7041,6
7042,22
7043,22
7044,6
7045,2
7046,16
7047,22
7048,23
7049,11
7050,5
7051,14
7052,20
7053,12
7054,10
7055,16
7056,12
7057,16
7058,40
7059,36
7060,4
7061,8
7062,5
7063,7
7064,10
7065,8
7066,7
7067,4
7068,8
7069,5
7070,20
7071,1
7072,19
7073,9
7074,4
7075,2
7076,17
7077,10
7078,8
7079,16
7080,12
7081,4
7082,3
7083,3
7084,6
7085,1
7086,11
7087,7
7088,13
7089,2
7090,11
7091,5
7092,13
7093,7
7094,10
7095,12
7096,3
7097,25
7098,25
7099,1
7100,6
7101,14
7102,2
7103,4
7104,3
7105,8
7106,2
7107,3
7108,12
7109,26
7110,11
7111,11
7112,9
7113,10
7114,13
7115,5
7116,14
7117,5
7118,12
7119,17
7120,13
7121,7
7122,10
7123,23
7124,31
7125,19
7126,7
7127,21
7128,9
7129,17
7130,18
7131,2
7132,9
7133,6
7134,14
7135,1
7136,23
7137,8
7138,4
7139,5
7140,20
7141,5
7142,14
7143,4
7144,33
7145,1
7146,2
7147,5
7148,11
7149,6
7150,11
7151,28
7152,7
7153,10
7154,3
7155,16
7156,12
7157,6
7158,21
7159,14
7160,3
7161,21
7162,14
7163,3
7164,11
7165,14
7166,4
7167,11
7168,13
7169,7
7170,7
7171,13
7172,5
7173,13
7174,1
7175,26
7176,16
7177,13
7178,11
7179,8
7180,20
7181,19
7182,29
7183,8
7184,14
7185,6
7186,5
7187,2
7188,6
7189,25
7190,33
7191,8
7192,21
7193,20
7194,2
7195,7
7196,1
7197,19
7198,1
7199,3
7200,26
7201,15
7202,7
7203,27
7204,11
7205,40
7206,37
7207,17
7208,9
7209,14
7210,36
7211,4
7212,10
7213,34
7214,7
7215,10
7216,10
7217,18
7218,6
7219,13
7220,6
7221,1
7222,10
7223,15
7224,14
7225,3
7226,17
7227,8
7228,4
7229,11
7230,20
7231,16
7232,30
7233,29
7234,24
7235,25
7236,13
7237,37
7238,20
7239,3
7240,1
7241,8
7242,11
7243,14
7244,31
7245,7
7246,9
7247,23
7248,13
7249,1
7250,5
7251,10
7252,13
7253,15
7254,2
7255,2
7256,7
7257,4
7258,2
7259,10
7260,26
7261,4
7262,5
7263,4
7264,7
7265,23
7266,30
7267,14
7268,5
7269,9
7270,21
7271,7
7272,12
7273,22
7274,23
7275,15
7276,1
7277,22
7278,5
7279,4
7280,2
7281,11
7282,20
7283,16
7284,10
7285,3
7286,35
7287,2
7288,14
7289,10
7290,1
7291,10
7292,5
7293,9
7294,4
7295,1
7296,10
7297,9
7298,22
7299,3
7300,8
7301,1
7302,19
7303,53
7304,14
7305,7
7306,1
7307,7
7308,7
7309,9
7310,13
7311,9
7312,10
7313,10
7314,7
7315,16
7316,8
7317,8
7318,13
7319,21
7320,7
7321,4
7322,9
7323,14
7324,32
7325,7
7326,15
7327,11
7328,34
7329,28
7330,8
7331,2
7332,15
7333,17
7334,5
7335,3
7336,3
7337,11
7338,5
7339,9
7340,15
7341,20
7342,3
7343,3
7344,10
7345,12
7346,10
7347,26
7348,3
7349,18
7350,16
7351,12
7352,3
7353,9
7354,20
7355,6
7356,6
7357,20
7358,3
7359,18
7360,5
7361,14
7362,10
7363,9
7364,22
7365,10
7366,5
7367,11
7368,7
7369,24
7370,13
7371,2
7372,5
7373,8
7374,6
7375,2
7376,12
7377,8
7378,19
7379,10
7380,8
7381,12
7382,24
7383,19
7384,6
7385,24
7386,8
7387,9
7388,9
7389,14
7390,19
7391,7
7392,5
7393,6
7394,5
7395,10
7396,13
7397,12
7398,6
7399,2
7400,3
7401,25
7402,11
7403,1
7404,22
7405,24
7406,10
7407,16
7408,24
7409,1
7410,25
7411,8
7412,1
7413,17
7414,22
7415,3
7416,23
7417,3
7418,9
7419,29
7420,19
7421,2
7422,9
7423,28
7424,11
7425,19
7426,15
7427,22
7428,5
7429,4
7430,4
7431,9
7432,4
7433,6
7434,4
7435,9
7436,3
7437,4
7438,12
7439,1
7440,7
7441,8
7442,4
7443,7
7444,6
7445,5
7446,6
7447,8
7448,6
7449,7
7450,20
7451,1
7452,7
7453,17
7454,8
7455,2
7456,14
7457,5
7458,3
7459,10
7460,3
7461,1
7462,12
7463,10
7464,5
7465,2
7466,1
7467,13
7468,2
7469,10
7470,12
7471,4
7472,8
7473,12
7474,3
7475,7
7476,3
7477,10
7478,2
7479,25
7480,11
7481,11
7482,2
7483,11
7484,8
7485,6
7486,4
7487,15
7488,3
7489,4
7490,11
7491,6
7492,8
7493,19
7494,7
7495,13
7496,5
7497,9
7498,14
7499,1
7500,6
7501,5
7502,1
7503,5
7504,1
7505,14
7506,14
7507,7
7508,1
7509,6
7510,5
7511,3
7512,6
7513,11
7514,7
7515,11
7516,23
7517,18
7518,16
7519,14
7520,2
7521,12
7522,8
7523,6
7524,1
7525,9
7526,16
7527,2
7528,4
7529,2
7530,15
7531,3
7532,18
7533,4
7534,17
7535,13
7536,3
7537,11
7538,6
7539,7
7540,19
7541,5
7542,5
7543,18
7544,16
7545,7
7546,2
7547,4
7548,5
7549,5
7550,2
7551,5
7552,2
7553,11
7554,16
7555,3
7556,19
7557,4
7558,6
7559,10
7560,10
7561,2
7562,9
7563,3
7564,1
7565,3
7566,5
7567,19
7568,7
7569,7
7570,12
7571,4
7572,2
7573,9
7574,7
7575,14
7576,4
7577,8
7578,8
7579,3
7580,1
7581,5
7582,1
7583,7
7584,9
7585,4
7586,2
7587,1
7588,1
7589,7
7590,8
7591,3
7592,4
7593,15
7594,15
7595,2
7596,15
7597,7
7598,10
7599,5
7600,4
7601,6
7602,1
7603,15
7604,8
7605,12
7606,4
7607,7
7608,10
7609,10
7610,3
7611,2
7612,4
7613,8
7614,9
7615,13
7616,7
7617,12
7618,11
7619,3
7620,4
7621,4
7622,13
7623,7
7624,12
7625,16
7626,12
7627,3
7628,9
7629,4
7630,10
7631,15
7632,1
7633,12
7634,6
7635,9
7636,4
7637,11
7638,11
7639,20
7640,6
7641,1
7642,6
7643,1
7644,13
7645,19
7646,13
7647,1
7648,8
7649,8
7650,9
7651,6
7652,4
7653,8
7654,6
7655,3
7656,19
7657,2
7658,11
7659,6
7660,13
7661,9
7662,2
7663,5
7664,15
7665,4
7666,2
7667,2
7668,10
7669,7
7670,2
7671,15
7672,3
7673,8
7674,16
7675,14
7676,6
7677,15
7678,2
7679,10
7680,6
7681,15
7682,7
7683,8
7684,7
7685,3
7686,7
7687,3
7688,4
7689,7
7690,1
7691,6
7692,8
7693,3
7694,7
7695,12
7696,9
7697,1
7698,11
7699,10
7700,35
7701,10
7702,3
7703,7
7704,6
7705,17
7706,6
7707,4
7708,6
7709,6
7710,1
7711,2
7712,16
7713,2
7714,13
7715,5
7716,2
7717,3
7718,4
7719,9
7720,4
7721,5
7722,10
7723,8
7724,8
7725,5
7726,11
7727,16
7728,7
7729,2
7730,10
7731,9
7732,1
7733,16
7734,7
7735,7
7736,12
7737,16
7738,12
7739,13
7740,2
7741,9
7742,12
7743,3
7744,7
7745,16
7746,9
7747,6
7748,5
7749,11
7750,14
7751,14
7752,2
7753,13
7754,9
7755,10
7756,4
7757,3
7758,11
7759,6
7760,16
7761,4
7762,9
7763,2
7764,3
7765,9
7766,1
7767,1
7768,7
7769,4
7770,2
7771,7
7772,4
7773,2
7774,24
7775,8
7776,4
7777,9
7778,16
7779,2
7780,8
7781,27
7782,2
7783,11
7784,11
7785,10
7786,9
7787,8
7788,3
7789,5
7790,8
7791,1
7792,2
7793,8
7794,6
7795,13
7796,1
7797,10
7798,25
7799,3
7800,7
7801,1
7802,13
7803,6
7804,5
7805,5
7806,9
7807,1
7808,3
7809,6
7810,1
7811,4
7812,5
7813,5
7814,19
7815,1
7816,2
7817,6
7818,12
7819,18
7820,2
7821,11
7822,2
7823,26
7824,14
7825,9
7826,2
7827,12
7828,15
7829,17
7830,10
7831,5
7832,2
7833,8
7834,1
7835,13
7836,18
7837,6
7838,14
7839,6
7840,3
7841,11
7842,25
7843,9
7844,2
7845,1
7846,15
7847,1
7848,4
7849,9
7850,4
7851,6
7852,9
7853,6
7854,2
7855,13
7856,8
7857,6
7858,1
7859,8
7860,8
7861,3
7862,9
7863,1
7864,1
7865,13
7866,10
7867,8
7868,11
7869,9
7870,7
7871,5
7872,6
7873,7
7874,9
7875,3
7876,1
7877,5
7878,3
7879,3
7880,8
7881,11
7882,4
7883,2
7884,5
7885,9
7886,4
7887,8
7888,4
7889,2
7890,14
7891,6
7892,5
7893,21
7894,20
7895,12
7896,16
7897,29
7898,10
7899,7
7900,7
7901,6
7902,9
7903,1
7904,9
7905,28
7906,14
7907,1
7908,15
7909,11
7910,11
7911,4
7912,5
7913,1
7914,22
7915,16
7916,7
7917,15
7918,10
7919,12
7920,7
7921,23
7922,3
7923,16
7924,3
7925,6
7926,9
7927,4
7928,3
7929,3
7930,6
7931,16
7932,6
7933,4
7934,5
7935,10
7936,4
7937,12
7938,1
7939,5
7940,7
7941,2
7942,4
7943,5
7944,3
7945,16
7946,8
7947,3
7948,1
7949,6
7950,4
7951,4
7952,11
7953,1
7954,10
7955,4
7956,5
7957,14
7958,3
7959,4
7960,7
7961,7
7962,5
7963,4
7964,1
7965,10
7966,11
7967,6
7968,5
7969,1
7970,3
7971,12
7972,6
7973,21
7974,29
7975,7
7976,3
7977,18
7978,11
7979,16
7980,6
7981,7
7982,11
7983,2
7984,30
7985,14
7986,13
7987,8
7988,20
7989,5
7990,12
7991,8
7992,3
7993,13
7994,3
7995,15
7996,13
7997,14
7998,6
7999,12
8000,15
8001,13
8002,2
8003,1
8004,13
8005,8
8006,3
8007,7
8008,1
8009,10
8010,2
8011,23
8012,6
8013,2
8014,17
8015,8
8016,1
8017,3
8018,1
8019,2
8020,1
8021,5
8022,2
8023,3
8024,17
8025,3
8026,6
8027,2
8028,3
8029,7
8030,1
8031,2
8032,21
8033,18
8034,4
8035,8
8036,5
8037,19
8038,10
8039,16
8040,11
8041,16
8042,18
8043,1
8044,14
8045,12
8046,3
8047,4
8048,1
8049,27
8050,1
8051,23
8052,5
8053,16
8054,8
8055,9
8056,2
8057,4
8058,4
8059,5
8060,9
8061,2
8062,3
8063,8
8064,8
8065,14
8066,17
8067,6
8068,4
8069,8
8070,13
8071,2
8072,13
8073,2
8074,9
8075,11
8076,4
8077,3
8078,8
8079,14
8080,1
8081,16
8082,3
8083,8
8084,11
8085,3
8086,8
8087,24
8088,4
8089,11
8090,4
8091,15
8092,7
8093,1
8094,9
8095,10
8096,7
8097,10
8098,12
8099,10
8100,1
8101,12
8102,10
8103,3
8104,1
8105,6
8106,4
8107,6
8108,2
8109,1
8110,1
8111,3
8112,1
8113,22
8114,22
8115,3
8116,12
8117,22
8118,1
8119,4
8120,5
8121,10
8122,10
8123,5
8124,12
8125,4
8126,26
8127,5
8128,19
8129,1
8130,4
8131,7
8132,2
8133,10
8134,5
8135,2
8136,2
8137,3
8138,4
8139,9
8140,18
8141,2
8142,2
8143,3
8144,8
8145,9
8146,7
8147,1
8148,1
8149,8
8150,1
8151,13
8152,11
8153,3
8154,10
8155,12
8156,15
8157,13
8158,15
8159,9
8160,2
8161,3
8162,6
8163,8
8164,8
8165,7
8166,9
8167,7
8168,10
8169,17
8170,16
8171,23
8172,4
8173,6
8174,12
8175,4
8176,1
8177,3
8178,8
8179,17
8180,21
8181,8
8182,16
8183,20
8184,21
8185,2
8186,13
8187,14
8188,4
8189,1
8190,4
8191,12
8192,9
8193,4
8194,20
8195,2
8196,12
8197,19
8198,6
8199,15
8200,19
8201,4
8202,2
8203,5
8204,4
8205,9
8206,1
8207,15
8208,7
8209,11
8210,4
8211,1
8212,3
8213,28
8214,10
8215,10
8216,11
8217,14
8218,4
8219,11
8220,10
8221,14
8222,14
8223,2
8224,1
8225,1
8226,6
8227,18
8228,9
8229,10
8230,7
8231,3
8232,7
8233,15
8234,2
8235,18
8236,3
8237,18
8238,7
8239,10
8240,15
8241,4
8242,9
8243,3
8244,5
8245,10
8246,2
8247,5
8248,1
8249,1
8250,10
8251,4
8252,5
8253,6
8254,12
8255,4
8256,17
8257,1
8258,4
8259,11
8260,12
8261,4
8262,5
8263,13
8264,19
8265,4
8266,1
8267,17
8268,2
8269,25
8270,1
8271,14
8272,6
8273,2
8274,10
8275,6
8276,7
8277,3
8278,1
8279,10
8280,3
8281,4
8282,1
8283,8
8284,1
8285,3
8286,12
8287,3
8288,8
8289,7
8290,12
8291,8
8292,1
8293,31
8294,9
8295,10
8296,2
8297,22
8298,1
8299,5
8300,8
8301,9
8302,12
8303,3
8304,2
8305,6
8306,7
8307,6
8308,2
8309,4
8310,5
8311,4
8312,1
8313,5
8314,10
8315,6
8316,5
8317,11
8318,15
8319,11
8320,14
8321,5
8322,18
8323,3
8324,8
8325,11
8326,7
8327,1
8328,5
8329,6
8330,16
8331,12
8332,3
8333,16
8334,8
8335,4
8336,1
8337,1
8338,1
8339,5
8340,10
8341,11
8342,6
8343,1
8344,1
8345,11
8346,8
8347,1
8348,7
8349,7
8350,14
8351,13
8352,5
8353,16
8354,14
8355,3
8356,10
8357,12
8358,8
8359,18
8360,15
8361,10
8362,5
8363,12
8364,3
8365,6
8366,12
8367,7
8368,3
8369,4
8370,4
8371,9
8372,13
8373,7
8374,3
8375,13
8376,15
8377,7
8378,8
8379,5
8380,20
8381,9
8382,8
8383,8
8384,1
8385,9
8386,5
8387,4
8388,10
8389,23
8390,1
8391,1
8392,22
8393,21
8394,13
8395,8
8396,11
8397,4
8398,10
8399,10
8400,14
8401,14
8402,3
8403,12
8404,4
8405,9
8406,10
8407,8
8408,6
8409,19
8410,18
8411,4
8412,9
8413,3
8414,15
8415,6
8416,21
8417,33
8418,16
8419,8
8420,5
8421,18
8422,4
8423,11
8424,5
8425,9
8426,19
8427,12
8428,4
8429,7
8430,12
8431,6
8432,2
8433,2
8434,8
8435,7
8436,1
8437,13
8438,7
8439,19
8440,30
8441,4
8442,1
8443,14
8444,14
8445,6
8446,12
8447,10
8448,5
8449,12
8450,2
8451,19
8452,3
8453,14
8454,13
8455,6
8456,9
8457,20
8458,6
8459,11
8460,24
8461,16
8462,6
8463,8
8464,9
8465,2
8466,17
8467,2
8468,18
8469,9
8470,7
8471,15
8472,28
8473,7
8474,9
8475,11
8476,6
8477,15
8478,7
8479,19
8480,5
8481,2
8482,10
8483,1
8484,6
8485,3
8486,10
8487,14
8488,7
8489,3
8490,3
8491,9
8492,2
8493,12
8494,6
8495,5
8496,3
8497,10
8498,14
8499,19
8500,6
8501,2
8502,22
8503,12
8504,4
8505,22
8506,12
8507,7
8508,17
8509,9
8510,14
8511,10
8512,4
8513,2
8514,10
8515,15
8516,6
8517,3
8518,4
8519,29
8520,7
8521,1
8522,5
8523,7
8524,15
8525,11
8526,5
8527,14
8528,12
8529,5
8530,26
8531,7
8532,25
8533,15
8534,20
8535,1
8536,2
8537,20
8538,3
8539,4
8540,16
8541,6
8542,11
8543,12
8544,28
8545,11
8546,7
8547,7
8548,15
8549,12
8550,6
8551,7
8552,14
8553,19
8554,8
8555,6
8556,8
8557,11
8558,2
8559,4
8560,11
8561,12
8562,3
8563,1
8564,11
8565,4
8566,11
8567,26
8568,3
8569,24
8570,3
8571,15
8572,13
8573,4
8574,12
8575,11
8576,21
8577,19
8578,3
8579,19
8580,7
8581,2
8582,5
8583,17
8584,3
8585,16
8586,17
8587,10
8588,8
8589,29
8590,7
8591,2
8592,11
8593,20
8594,14
8595,12
8596,1
8597,1
8598,10
8599,3
8600,4
8601,8
8602,3
8603,1
8604,2
8605,16
8606,11
8607,6
8608,28
8609,27
8610,1
8611,8
8612,6
8613,1
8614,3
8615,14
8616,10
8617,6
8618,1
8619,1
8620,11
8621,25
8622,4
8623,20
8624,14
8625,1
8626,10
8627,13
8628,3
8629,23
8630,12
8631,20
8632,6
8633,2
8634,10
8635,19
8636,5
8637,15
8638,8
8639,4
8640,4
8641,8
8642,6
8643,5
8644,4
8645,3
8646,8
8647,14
8648,15
8649,5
8650,4
8651,10
8652,13
8653,4
8654,3
8655,10
8656,3
8657,13
8658,4
8659,19
8660,21
8661,1
8662,12
8663,13
8664,18
8665,7
8666,20
8667,6
8668,9
8669,5
8670,5
8671,7
8672,3
8673,4
8674,6
8675,46
8676,7
8677,23
8678,5
8679,14
8680,20
8681,9
8682,10
8683,2
8684,15
8685,7
8686,13
8687,5
8688,18
8689,21
8690,41
8691,2
8692,15
8693,1
8694,9
8695,3
8696,14
8697,1
8698,7
8699,1
8700,3
8701,6
8702,7
8703,2
8704,14
8705,1
8706,5
8707,10
8708,16
8709,12
8710,3
8711,6
8712,17
8713,3
8714,2
8715,16
8716,16
8717,15
8718,1
8719,2
8720,20
8721,5
8722,4
8723,17
8724,5
8725,2
8726,15
8727,22
8728,11
8729,17
8730,17
8731,2
8732,9
8733,14
8734,7
8735,26
8736,10
8737,12
8738,10
8739,9
8740,15
8741,2
8742,10
8743,15
8744,1
8745,17
8746,2
8747,7
8748,11
8749,14
8750,1
8751,2
8752,11
8753,7
8754,17
8755,7
8756,12
8757,10
8758,15
8759,1
8760,15
8761,4
8762,28
8763,6
8764,16
8765,8
8766,6
8767,6
8768,17
8769,2
8770,13
8771,28
8772,5
8773,5
8774,7
8775,1
8776,1
8777,7
8778,2
8779,1
8780,1
8781,14
8782,2
8783,15
8784,14
8785,12
8786,19
8787,1
8788,40
8789,6
8790,9
8791,2
8792,17
8793,5
8794,7
8795,10
8796,12
8797,3
8798,9
8799,7
8800,1
8801,12
8802,2
8803,6
8804,17
8805,8
8806,5
8807,14
8808,14
8809,19
8810,6
8811,10
8812,4
8813,15
8814,10
8815,4
8816,11
8817,9
8818,22
8819,13
8820,15
8821,3
8822,8
8823,11
8824,5
8825,3
8826,10
8827,4
8828,12
8829,2
8830,6
8831,6
8832,25
8833,12
8834,16
8835,13
8836,15
8837,7
8838,1
8839,17
8840,6
8841,12
8842,7
8843,8
8844,5
8845,6
8846,2
8847,7
8848,2
8849,19
8850,17
8851,10
8852,15
8853,15
8854,11
8855,5
8856,7
8857,9
8858,17
8859,4
8860,10
8861,7
8862,4
8863,5
8864,2
8865,4
8866,11
8867,3
8868,3
8869,12
8870,3
8871,15
8872,1
8873,6
8874,9
8875,13
8876,11
8877,13
8878,6
8879,3
8880,18
8881,4
8882,13
8883,19
8884,18
8885,3
8886,13
8887,23
8888,16
8889,3
8890,9
8891,4
8892,16
8893,7
8894,5
8895,5
8896,3
8897,16
8898,12
8899,16
8900,10
8901,17
8902,8
8903,19
8904,9
8905,18
8906,5
8907,13
8908,18
8909,28
8910,6
8911,8
8912,38
8913,28
8914,13
8915,1
8916,12
8917,6
8918,18
8919,16
8920,3
8921,25
8922,15
8923,10
8924,12
8925,7
8926,3
8927,4
8928,16
8929,9
8930,18
8931,2
8932,13
8933,10
8934,11
8935,31
8936,22
8937,1
8938,21
8939,12
8940,13
8941,5
8942,10
8943,11
8944,7
8945,3
8946,8
8947,11
8948,25
8949,18
8950,17
8951,9
8952,26
8953,14
8954,4
8955,27
8956,25
8957,6
8958,23
8959,17
8960,19
8961,19
8962,16
8963,34
8964,7
8965,13
8966,1
8967,32
8968,33
8969,26
8970,9
8971,9
8972,26
8973,7
8974,18
8975,8
8976,14
8977,18
8978,27
8979,11
8980,2
8981,7
8982,15
8983,8
8984,3
8985,15
8986,3
8987,8
8988,3
8989,1
8990,27
8991,21
8992,4
8993,16
8994,16
8995,15
8996,2
8997,4
8998,11
8999,11
9000,13
9001,18
9002,16
9003,4
9004,1
9005,6
9006,20
9007,9
9008,23
9009,13
9010,7
9011,19
9012,6
9013,3
9014,2
9015,5
9016,2
9017,22
9018,2
9019,10
9020,14
9021,9
9022,2
9023,5
9024,12
9025,15
9026,11
9027,14
9028,2
9029,1
9030,2
9031,6
9032,24
9033,4
9034,17
9035,5
9036,4
9037,15
9038,14
9039,34
9040,10
9041,6
9042,7
9043,8
9044,10
9045,12
9046,8
9047,8
9048,13
9049,4
9050,3
9051,4
9052,5
9053,11
9054,12
9055,13
9056,14
9057,9
9058,1
9059,4
9060,15
9061,7
9062,13
9063,2
9064,5
9065,5
9066,21
9067,13
9068,12
9069,19
9070,4
9071,14
9072,9
9073,8
9074,2
9075,5
9076,11
9077,19
9078,17
9079,23
9080,17
9081,20
9082,1
9083,3
9084,36
9085,4
9086,8
9087,4
9088,6
9089,24
9090,8
9091,4
9092,12
9093,9
9094,9
9095,3
9096,7
9097,8
9098,13
9099,4
9100,4
9101,7
9102,11
9103,8
9104,9
9105,25
9106,9
9107,25
9108,8
9109,12
9110,26
9111,11
9112,3
9113,3
9114,13
9115,18
9116,15
9117,1
9118,15
9119,14
9120,1
9121,11
9122,12
9123,9
9124,41
9125,6
9126,9
9127,1
9128,7
9129,1
9130,7
9131,9
9132,17
9133,2
9134,3
9135,4
9136,11
9137,15
9138,2
9139,8
9140,3
9141,21
9142,10
9143,13
9144,17
9145,18
9146,15
9147,3
9148,7
9149,20
9150,5
9151,7
9152,9
9153,11
9154,13
9155,23
9156,25
9157,3
9158,7
9159,2
9160,15
9161,20
9162,1
9163,4
9164,9
9165,3
9166,10
9167,18
9168,14
9169,16
9170,17
9171,7
9172,15
9173,15
9174,26
9175,15
9176,12
9177,16
9178,3
9179,3
9180,27
9181,10
9182,1
9183,7
9184,4
9185,29
9186,21
9187,28
9188,9
9189,17
9190,17
9191,12
9192,5
9193,5
9194,6
9195,4
9196,11
9197,20
9198,2
9199,8
9200,5
9201,8
9202,2
9203,9
9204,20
9205,16
9206,17
9207,3
9208,15
9209,10
9210,19
9211,22
9212,17
9213,13
9214,19
9215,17
9216,15
9217,19
9218,20
9219,5
9220,8
9221,24
9222,19
9223,23
9224,23
9225,1
9226,6
9227,2
9228,18
9229,1
9230,2
9231,13
9232,3
9233,11
9234,14
9235,15
9236,4
9237,1
9238,6
9239,9
9240,23
9241,3
9242,2
9243,12
9244,16
9245,24
9246,17
9247,21
9248,11
9249,9
9250,3
9251,6
9252,12
9253,9
9254,2
9255,1
9256,5
9257,17
9258,2
9259,15
9260,2
9261,19
9262,7
9263,3
9264,8
9265,2
9266,15
9267,2
9268,16
9269,8
9270,8
9271,35
9272,16
9273,11
9274,14
9275,4
9276,22
9277,12
9278,13
9279,5
9280,4
9281,15
9282,8
9283,3
9284,7
9285,17
9286,3
9287,15
9288,5
9289,7
9290,2
9291,11
9292,6
9293,4
9294,3
9295,2
9296,12
9297,5
9298,9
9299,17
9300,7
9301,5
9302,2
9303,1
9304,11
9305,7
9306,3
9307,6
9308,43
9309,18
9310,10
9311,12
9312,5
9313,1
9314,20
9315,14
9316,5
9317,16
9318,13
9319,4
9320,17
9321,1
9322,7
9323,11
9324,8
9325,2
9326,2
9327,8
9328,1
9329,11
9330,6
9331,8
9332,12
9333,8
9334,17
9335,7
9336,7
9337,19
9338,5
9339,5
9340,23
9341,1
9342,6
9343,4
9344,8
9345,9
9346,2
9347,11
9348,17
9349,29
9350,10
9351,12
9352,5
9353,19
9354,5
9355,6
9356,3
9357,1
9358,4
9359,7
9360,5
9361,11
9362,30
9363,4
9364,6
9365,20
9366,12
9367,3
9368,1
9369,17
9370,10
9371,5
9372,1
9373,10
9374,3
9375,11
9376,8
9377,3
9378,16
9379,10
9380,2
9381,17
9382,6
9383,9
9384,12
9385,14
9386,16
9387,3
9388,14
9389,23
9390,7
9391,10
9392,9
9393,15
9394,4
9395,10
9396,8
9397,23
9398,4
9399,20
9400,12
9401,32
9402,19
9403,8
9404,15
9405,17
9406,16
9407,14
9408,14
9409,7
9410,2
9411,12
9412,7
9413,11
9414,6
9415,9
9416,7
9417,11
9418,18
9419,5
9420,25
9421,7
9422,6
9423,6
9424,11
9425,1
9426,6
9427,15
9428,2
9429,12
9430,17
9431,10
9432,8
9433,18
9434,9
9435,15
9436,5
9437,12
9438,9
9439,9
9440,10
9441,13
9442,7
9443,11
9444,12
9445,17
9446,1
9447,28
9448,2
9449,10
9450,18
9451,21
9452,11
9453,29
9454,12
9455,21
9456,20
9457,1
9458,12
9459,11
9460,7
9461,14
9462,12
9463,21
9464,2
9465,11
9466,7
9467,11
9468,6
9469,13
9470,15
9471,17
9472,12
9473,5
9474,7
9475,12
9476,4
9477,7
9478,22
9479,2
9480,14
9481,2
9482,12
9483,2
9484,18
9485,14
9486,9
9487,9
9488,12
9489,17
9490,16
9491,13
9492,10
9493,11
9494,14
9495,16
9496,16
9497,5
9498,8
9499,3
9500,11
9501,17
9502,7
9503,4
9504,9
9505,16
9506,4
9507,2
9508,4
9509,9
9510,11
9511,5
9512,14
9513,4
9514,10
9515,19
9516,4
9517,29
9518,17
9519,11
9520,17
9521,6
9522,6
9523,14
9524,8
9525,11
9526,4
9527,15
9528,2
9529,9
9530,2
9531,19
9532,5
9533,10
9534,27
9535,13
9536,4
9537,2
9538,14
9539,5
9540,11
9541,9
9542,6
9543,24
9544,5
9545,3
9546,6
9547,17
9548,13
9549,9
9550,1
9551,9
9552,5
9553,13
9554,15
9555,15
9556,7
9557,4
9558,13
9559,1
9560,1
9561,5
9562,1
9563,10
9564,7
9565,10
9566,2
9567,12
9568,1
9569,3
9570,7
9571,9
9572,15
9573,2
9574,5
9575,12
9576,8
9577,4
9578,10
9579,23
9580,10
9581,6
9582,9
9583,16
9584,9
9585,1
9586,3
9587,23
9588,12
9589,2
9590,1
9591,8
9592,4
9593,9
9594,15
9595,1
9596,11
9597,15
9598,26
9599,15
9600,11
9601,14
9602,13
9603,5
9604,18
9605,5
9606,14
9607,4
9608,8
9609,8
9610,9
9611,4
9612,2
9613,22
9614,5
9615,14
9616,11
9617,7
9618,10
9619,15
9620,11
9621,7
9622,6
9623,1
9624,4
9625,3
9626,3
9627,22
9628,5
9629,10
9630,14
9631,7
9632,6
9633,12
9634,7
9635,9
9636,5
9637,1
9638,13
9639,19
9640,3
9641,20
9642,19
9643,4
9644,26
9645,12
9646,9
9647,3
9648,2
9649,11
9650,29
9651,3
9652,12
9653,12
9654,18
9655,20
9656,8
9657,15
9658,5
9659,20
9660,1
9661,14
9662,1
9663,5
9664,9
9665,21
9666,23
9667,16
9668,15
9669,26
9670,10
9671,8
9672,24
9673,2
9674,2
9675,22
9676,13
9677,4
9678,6
9679,23
9680,42
9681,18
9682,6
9683,6
9684,10
9685,11
9686,5
9687,2
9688,22
9689,6
9690,4
9691,7
9692,1
9693,1
9694,3
9695,4
9696,7
9697,3
9698,22
9699,1
9700,8
9701,3
9702,1
9703,1
9704,8
9705,8
9706,9
9707,27
9708,19
9709,8
9710,17
9711,12
9712,16
9713,14
9714,3
9715,15
9716,10
9717,12
9718,27
9719,22
9720,2
9721,10
9722,16
9723,4
9724,2
9725,10
9726,10
9727,6
9728,3
9729,11
9730,7
9731,14
9732,12
9733,14
9734,4
9735,17
9736,1
9737,7
9738,14
9739,13
9740,13
9741,22
9742,16
9743,3
9744,1
9745,7
9746,4
9747,5
9748,19
9749,27
9750,14
9751,7
9752,22
9753,4
9754,24
9755,8
9756,7
9757,4
9758,19
9759,1
9760,1
9761,16
9762,1
9763,19
9764,6
9765,26
9766,28
9767,5
9768,2
9769,10
9770,2
9771,7
9772,2
9773,7
9774,10
9775,30
9776,16
9777,21
9778,8
9779,7
9780,14
9781,1
9782,6
9783,8
9784,4
9785,14
9786,7
9787,7
9788,3
9789,1
9790,4
9791,9
9792,7
9793,2
9794,6
9795,10
9796,2
9797,2
9798,6
9799,9
9800,6
9801,3
9802,2
9803,33
9804,9
9805,15
9806,8
9807,17
9808,18
9809,22
9810,11
9811,6
9812,7
9813,4
9814,8
9815,8
9816,3
9817,1
9818,15
9819,6
9820,3
9821,18
9822,12
9823,5
9824,2
9825,2
9826,10
9827,3
9828,9
9829,5
9830,1
9831,10
9832,8
9833,2
9834,8
9835,3
9836,8
9837,5
9838,7
9839,14
9840,14
9841,5
9842,4
9843,11
9844,2
9845,1
9846,11
9847,8
9848,2
9849,2
9850,4
9851,7
9852,13
9853,6
9854,4
9855,1
9856,14
9857,21
9858,8
9859,9
9860,17
9861,5
9862,8
9863,7
9864,11
9865,15
9866,12
9867,9
9868,4
9869,2
9870,7
9871,9
9872,9
9873,18
9874,12
9875,8
9876,15
9877,13
9878,25
9879,10
9880,6
9881,8
9882,3
9883,1
9884,2
9885,18
9886,14
9887,7
9888,5
9889,23
9890,13
9891,13
9892,12
9893,17
9894,8
9895,3
9896,7
9897,22
9898,32
9899,30
9900,16
9901,6
9902,29
9903,9
9904,3
9905,3
9906,17
9907,5
9908,2
9909,4
9910,2
9911,25
9912,6
9913,2
9914,1
9915,17
9916,11
9917,20
9918,3
9919,12
9920,13
9921,9
9922,10
9923,4
9924,1
9925,18
9926,15
9927,5
9928,19
9929,10
9930,16
9931,8
9932,15
9933,7
9934,7
9935,1
9936,17
9937,4
9938,12
9939,23
9940,17
9941,7
9942,7
9943,21
9944,6
9945,17
9946,10
9947,2
9948,25
9949,9
9950,23
9951,7
9952,6
9953,32
9954,27
9955,16
9956,10
9957,3
9958,7
9959,17
9960,11
9961,4
9962,24
9963,2
9964,7
9965,16
9966,11
9967,10
9968,23
9969,4
9970,1
9971,9
9972,14
9973,1
9974,2
9975,4
9976,8
9977,5
9978,11
9979,3
9980,8
9981,21
9982,9
9983,12
9984,7
9985,1
9986,5
9987,20
9988,14
9989,7
9990,5
9991,4
9992,16
9993,2
9994,17
9995,4
9996,6
9997,10
9998,26
9999,9
10000,20
10001,4
10002,5
10003,1
10004,16
10005,11
10006,7
10007,28
10008,1
10009,10
10010,18
10011,6
10012,12
10013,10
10014,7
10015,19
10016,8
10017,7
10018,13
10019,8
10020,9
10021,12
10022,4
10023,8
10024,8
10025,9
10026,14
10027,11
10028,17
10029,8
10030,1
10031,20
10032,3
10033,2
10034,11
10035,2
10036,11
10037,6
10038,8
10039,4
10040,4
10041,5
10042,8
10043,4
10044,7
10045,5
10046,10
10047,7
10048,3
10049,10
10050,4
10051,6
10052,20
10053,1
10054,14
10055,4
10056,6
10057,13
10058,7
10059,9
10060,9
10061,7
10062,14
10063,3
10064,17
10065,3
10066,5
10067,23
10068,15
10069,15
10070,3
10071,17
10072,5
10073,5
10074,14
10075,5
10076,9
10077,2
10078,8
10079,10
10080,12
10081,1
10082,4
10083,3
10084,11
10085,2
10086,6
10087,14
10088,12
10089,8
10090,3
10091,10
10092,4
10093,20
10094,12
10095,12
10096,5
10097,19
10098,6
10099,5
10100,25
10101,7
10102,10
10103,1
10104,1
10105,7
10106,3
10107,8
10108,12
10109,1
10110,13
10111,1
10112,5
10113,2
10114,27
10115,5
10116,18
10117,5
10118,4
10119,17
10120,4
10121,13
10122,10
10123,8
10124,3
10125,5
10126,8
10127,7
10128,18
10129,1
10130,2
10131,7
10132,6
10133,5
10134,15
10135,7
10136,16
10137,1
10138,8
10139,16
10140,7
10141,6
10142,1
10143,1
10144,19
10145,11
10146,7
10147,12
10148,12
10149,3
10150,6
10151,13
10152,8
10153,8
10154,3
10155,8
10156,2
10157,7
10158,18
10159,18
10160,29
10161,16
10162,3
10163,6
10164,17
10165,17
10166,5
10167,12
10168,5
10169,13
10170,2
10171,3
10172,11
10173,2
10174,11
10175,10
10176,7
10177,3
10178,6
10179,11
10180,11
10181,2
10182,5
10183,27
10184,1
10185,6
10186,6
10187,13
10188,7
10189,4
10190,6
10191,8
10192,7
10193,6
10194,3
10195,6
10196,1
10197,8
10198,8
10199,8
10200,6
10201,18
10202,10
10203,14
10204,11
10205,13
10206,1
10207,17
10208,1
10209,2
10210,5
10211,15
10212,17
10213,15
10214,15
10215,22
10216,2
10217,5
10218,5
10219,3
10220,26
10221,9
10222,3
10223,1
10224,9
10225,11
10226,6
10227,10
10228,13
10229,9
10230,11
10231,5
10232,8
10233,10
10234,18
10235,14
10236,20
10237,14
10238,5
10239,4
10240,6
10241,3
10242,4
10243,9
10244,1
10245,16
10246,2
10247,20
10248,9
10249,8
10250,10
10251,18
10252,8
10253,6
10254,1
10255,2
10256,23
10257,6
10258,14
10259,2
10260,6
10261,19
10262,5
10263,7
10264,6
10265,14
10266,15
10267,6
10268,12
10269,18
10270,25
10271,5
10272,13
10273,32
10274,9
10275,22
10276,4
10277,11
10278,2
10279,3
10280,2
10281,5
10282,4
10283,6
10284,5
10285,1
10286,2
10287,1
10288,10
10289,4
10290,1
10291,2
10292,9
10293,3
10294,3
10295,2
10296,5
10297,6
10298,14
10299,18
10300,9
10301,12
10302,1
10303,1
10304,21
10305,9
10306,9
10307,2
10308,3
10309,3
10310,12
10311,3
10312,3
10313,1
10314,7
10315,4
10316,7
10317,9
10318,10
10319,11
10320,8
10321,12
10322,7
10323,1
10324,10
10325,6
10326,7
10327,15
10328,8
10329,6
10330,4
10331,9
10332,10
10333,9
10334,1
10335,7
10336,6
10337,8
10338,14
10339,5
10340,1
10341,11
10342,2
10343,4
10344,1
10345,5
10346,5
10347,8
10348,7
10349,14
10350,3
10351,12
10352,11
10353,3
10354,5
10355,7
10356,4
10357,5
10358,1
10359,2
10360,16
10361,8
10362,13
10363,3
10364,4
10365,3
10366,7
10367,7
10368,11
10369,10
10370,8
10371,7
10372,11
10373,3
10374,1
10375,2
10376,18
10377,13
10378,12
10379,13
10380,35
10381,7
10382,5
10383,10
10384,2
10385,12
10386,1
10387,11
10388,2
10389,2
10390,17
10391,13
10392,8
10393,1
10394,20
10395,12
